3,32,33,24,36,34,35,2,23,16,19,17,22
0.063545940443873,0.46937675774097,2.5034509599209,4.6676559448242,1.8125,1.4989157915115,68.75,2.9115400612354,0.24408004432917,0.13735907897353,0.14105300256051,1.9680108428001,0.058488628827035
0.052288239821792,1.1336437612772,2.7872294187546,4.3865829706192,1.8251949846745,1.5866986215115,68.375,2.8122312426567,0.20984676852822,0.13296695798635,0.12693299911916,1.8618669807911,0.92024464905262
0.044740730430931,0.76780363172293,2.4355543255806,4.0392199754715,1.8183589875698,1.5973580777645,68.75,2.8503245413303,0.20560709014535,0.1382222995162,0.1321529969573,1.6948777735233,1.3944608718157
0.043178599793464,0.56752116978168,1.2318539619446,0.8320229947567,1.7958980202675,1.4382570981979,69.0,2.3369898200035,0.20811057090759,0.13877373933792,0.11879799701273,1.5835372805595,1.37486743927
0.034281289670616,0.91540113091469,1.1371380984783,0.50737599283457,1.8046880066395,1.5241693556309,68.875,2.8172098100185,0.18932262063026,0.13798331841826,0.094926999881864,1.607637822628,0.38555415067822
0.041503640357405,0.83832837641239,1.2017342299223,0.55453100800514,1.8115230202675,1.5757577717304,69.0,2.8781863152981,0.12796202674508,0.13836762309074,0.066025000531226,1.7402369976044,2.8232064247131
0.031900470145047,0.30754080414772,0.66437262296677,0.53991301357746,1.7958990335464,1.5582346916199,68.375,2.7920532822609,0.13844600878656,0.13482968136668,0.06467300048098,1.607368350029,2.4149458408356
0.031634770333767,0.29067973047495,0.82023362070322,0.51013100892305,1.7910149991512,1.625079870224,69.125,2.9123713076115,0.12890330888331,0.14039303734899,0.067820000462234,1.6093200445175,0.9904349623248
0.031367688905448,0.28407964855433,0.61803979799151,0.57376601547003,1.7900400161743,1.4765255749226,68.875,2.8237345814705,0.11744055710733,0.14060415327549,0.060943001415581,1.731321066618,0.052111340686679
0.031740960665047,0.30306326597929,3.1931211650372,0.53704399615526,1.765623986721,1.5692049562931,68.75,2.8021560311317,0.13694776967168,0.13980768248439,0.064670001156628,1.5920360982418,0.052140349522233
0.051484279800206,0.24273320659995,3.9198560714722,0.5102209970355,1.7695319950581,1.5453178286552,68.5,2.8575433790684,0.12514871917665,0.13961337134242,0.074299000669271,1.539294719696,0.052548129111528
0.034738960210234,0.28680882230401,6.5354551076889,2.1878569424152,1.7685540318489,1.5455149710178,68.625,-1.95804831385612,0.11935354955494,0.1328705586493,0.070948000997305,0.32493365183473,0.063007349148393
0.03522818069905,0.34362087026238,4.6194415092468,3.1342740058899,1.7753899991512,1.1226532012224,68.375,-39.4782443791628,0.29398220032454,0.13796940073371,0.079610000830144,0.4345577172935,0.08809812925756
0.046686000190675,0.30749832093716,4.0293583869934,3.1238059997559,1.7783199846745,1.0121950805187,68.625,-81.8256864249706,0.15345767885447,0.13968161866069,0.42638800293207,1.7525197565556,0.081374309025705
0.027814940083772,0.35139967501163,3.4083575606346,3.2160259485245,1.8066399991512,0.91959889233112,68.25,-198.817915290594,0.14620663225651,0.13950525969267,0.14160600304604,1.5322297662497,0.098550491034985
0.03245760127902,0.30838148668408,3.1615327596664,3.0239890813828,1.7978510260582,0.91369922459126,68.125,-127.093713358045,0.58025477081537,0.13915080949664,0.070857000537217,0.28527610749006,0.55379619449377
0.39689693367109,0.51507219672203,3.1762336492538,3.1693660020828,1.7773429751396,1.0118435919285,67.875,-155.359116092324,1.6362392902374,0.13398015126586,0.085070001892745,0.93181471526623,0.47966758906841
0.094253613147885,0.82098201662302,3.801221370697,3.2003020048141,1.7822259962559,0.84555228054523,68.125,-131.785208791494,0.58366089314222,0.13894087821245,0.41952398745343,1.0706451833248,0.48618361027911
0.044011840596795,2.1288595795631,3.6718010902405,3.2114950418472,1.8144530057907,0.82649882137775,68.5,-201.820475757122,0.11518296785653,0.13825339078903,0.58772698976099,0.30240973085165,0.035840220283717
0.20689832046628,0.50577422231436,4.0159905552864,3.0768960118294,1.7626959979534,0.84996716678143,68.125,-143.077266275883,0.25790303759277,0.13828494772315,0.77880199253559,0.26596271246672,2.5611001253128
0.32784829102457,0.40225274115801,2.1527836024761,3.7372120022774,1.8085940182209,1.0012963414192,68.5,-144.286745548248,0.5672517195344,0.13715655356646,0.56241600215435,0.28583319112659,2.6133694052696
0.032782299909741,0.39876291155815,1.3733882904053,3.7183330059052,1.7861320078373,0.9307993799448,68.25,-115.838780358434,0.38782159239054,0.13415708765388,0.57886499166489,0.29897639900446,1.5416321605444
0.026954280678183,0.41016829013824,1.280575543642,3.7285779714584,1.7734369933605,0.80811862647533,68.25,-26.2722837924957,0.21618437767029,0.13793597742915,0.085129000712186,0.30509885773063,0.12276897951961
0.042505319230258,0.34480368345976,1.4405147433281,4.5055049657822,1.7958979904652,1.3405585587025,68.375,-0.00281938910484003,0.41402809694409,0.13803103193641,0.32735300762579,0.36533818766475,0.075617480091751
0.050613129511476,0.46043439954519,1.3530774516985,4.5750749111176,1.8115229904652,1.4936172664165,68.125,2.8221638798714,0.35352446883917,0.033417731523514,0.55102999834344,1.9898922145367,0.12506619654596
0.050910740159452,0.50041458010674,2.2041172981262,4.4507260322571,1.8291019797325,1.4705488085747,68.125,2.8295625448227,0.31538269668818,0.13987649232149,0.16315299831331,1.8658994734287,0.046058409847319
0.044588061049581,1.1003302782774,3.500349521637,4.2012860178947,1.8095710277557,1.4177464544773,64.625,2.8240399956703,0.27900098264217,0.13390231132507,0.12979899719357,1.5609919130802,0.055395539849997
0.048646349459887,2.504925519228,0.9255246669054,1.3958539664745,1.8173830211163,1.4830966591835,67.625,2.6020007431507,0.28496663272381,0.13918847963214,0.071981999091804,1.7397419214249,0.65966855175793
0.038315639365464,1.4224861338735,0.7523504793644,0.44793899357319,1.7822259962559,1.426987528801,68.125,2.8306330144405,0.25987846031785,0.13977386429906,0.11526700109243,1.6179718375206,2.9872118234634
0.039631690364331,0.31893339008093,1.1220724880695,0.50565200299025,1.8095700144768,1.5286450088024,68.375,2.8347659111023,0.16952854394913,0.14063770323992,0.069670999888331,1.7412101924419,2.7553752064705
0.036066549364477,0.27584286779165,0.65772295370698,0.48408900201321,1.8115229904652,1.5062391459942,68.25,2.8365594446659,0.13728667236865,0.136762868613,0.10169900022447,2.4851261377335,2.8054102063179
0.031936330720782,0.26276899501681,0.30955429328606,0.49530900269747,1.8037099838257,1.4228775799274,63.0,2.8139764368534,0.13239021226764,0.14124201983213,0.09452300099656,2.2952364683151,0.050917539745569
0.035469280090183,0.31410640478134,0.47004158003256,0.46919298917055,1.7900379896164,1.5142519176006,63.875,2.8798791766167,0.13772718049586,0.14188799262047,0.056248999666423,2.2358168959618,0.051652360707521
0.03445668052882,0.2573479488492,1.545154643245,0.47594000399113,1.7607419788837,1.4364297688007,23.125,2.8161695599556,0.13478761911392,0.14095580950379,0.070457000285387,2.4545058608055,1.0709725832567
0.038986170198768,0.26350283622742,6.6114577054977,0.48934999853373,1.7617189884186,1.4511208236217,0.875,2.5390419661999,0.13935552164912,0.13519009202719,0.069849000312388,2.2376297712326,2.6982833147049
0.034430868923664,0.25243410095572,5.7206573486328,0.95017399638891,1.7773440182209,1.353279531002,1.0,-1.61650091409683,1.4887639284134,0.13875114917755,0.12428900180385,0.24415586516261,2.6362894177437
0.029847009107471,0.64747327566147,3.5886657834053,2.1861910074949,1.7773439884186,0.92407664656639,1.0,-1.4992450773716,0.31213192641735,0.13957844674587,0.063056999817491,0.32499965280294,2.5679146647453
0.058692819904536,1.3524143993855,3.2752224206924,3.3749830126762,1.783204048872,0.97794382274151,0.875,-37.819964915514,0.56097243353724,0.13443015515804,0.65986600611359,0.24935345724225,0.69638023944572
0.04622011911124,1.6408421099186,3.2551264762878,3.2438430190086,1.78125,0.8416985720396,1.0,-87.509352594614,0.23434634134173,0.14107054844499,0.80753500200808,0.25512267649174,0.042026130016893
0.034530039876699,0.70094256103039,2.8641502857208,3.6538410186768,1.7900390326977,0.87031276524067,0.875,-247.357096686959,0.31689532473683,0.1411955319345,0.49747999198735,0.33881467580795,1.1149535831064
0.0440584695898,0.58542503416538,2.9093282818794,3.7494229674339,1.8124999701977,0.85956282168627,0.875,-305.074330285192,0.21286659687757,0.13786634802818,0.11239100061357,0.75673219189048,1.8919619619846
0.037880199961364,0.52215774357319,4.1512650251389,3.6884630322456,1.8134769797325,0.97175769507885,0.875,-283.794295221567,1.0550399795175,0.13753471896052,0.081883000209928,1.8937502503395,2.4497578144073
0.048049771226943,0.55439607799053,3.9739311337471,3.7180240750313,1.8007809817791,0.88334827125072,1.125,-102.051739379764,0.28027887269855,0.13877494260669,0.78535099327564,2.1667833030224,2.4643318653107
0.047169369645417,0.43154782801867,3.4815934300423,3.7411279678345,1.7851549983025,0.873450294137,0.875,-145.350958004594,0.19524081796408,0.13892653957009,0.42197200097144,2.0922867059708,2.6920630931854
0.035729919560254,0.41256749629974,4.3709293007851,3.6926299333572,1.8222660124302,0.78531804680824,0.875,-204.994044244289,0.33581357449293,0.13381986692548,0.076735001057386,0.45099480822682,1.861067712307
0.036029799841344,0.48232210427523,1.8995855748653,3.7303560376167,1.78125,0.92667499184608,0.875,-112.117293581367,1.6361073851585,0.13786549866199,0.11269900016487,0.62000881507993,2.5048735141754
0.030229790136218,0.42116893827915,2.921527326107,4.0744950175285,1.7822259664536,0.85717885941267,1.0,-24.2983952760696,0.62405193597078,0.13870882242918,0.18404100090265,1.0502155348659,2.0341334342957
0.045433040242642,0.48601344972849,4.0185843706131,4.8671349287033,1.7919929921627,1.2514412999153,0.875,1.82145184278488,0.554459027946,0.13860270753503,0.094173001125455,0.27167297899723,0.0506587093696
0.18114493787289,0.45898703485727,1.9740488678217,4.9624670743942,1.8076169788837,1.4475041329861,1.0,2.8193249702454,0.29125581309199,0.1344750598073,0.11271900124848,1.7547808289528,0.067607620730996
0.088204080238938,0.36892437189817,2.7292294502258,5.0058840513229,1.8183600008488,1.3645319640636,1.0,2.814910531044,0.8227986395359,0.14007337763906,0.15501399897039,1.6539772152901,1.6967561841011
0.042135229799896,0.38045714050531,2.7329377830029,4.9536839723587,1.8085939884186,1.5811828076839,0.875,2.8461896777153,0.42659931629896,0.13976365700364,0.44590799510479,1.5732155144215,1.5577929019928
0.047144440002739,0.48982163518667,0.96748045831919,3.2797040343285,1.8125,1.4119967222214,0.875,2.5363999903202,0.25999994575977,0.13496890664101,0.097347997128963,1.6027554273605,3.4257524311543
0.04167765006423,0.39318946376443,1.0273957699537,0.47554200142622,1.8046880066395,1.4802955985069,1.0,2.9043002426624,0.21742909774184,0.13810494914651,0.071104997303337,1.7230660319328,3.0664324760437
0.037904520053416,0.31486210227013,1.3058875650167,0.45030499994755,1.8037099838257,1.503532230854,0.875,2.7978350222111,0.23072817549109,0.13964451476932,0.069110998883843,1.5619846880436,2.609623670578
0.038692879490554,0.21670192852616,0.86442492902279,0.44620399177074,1.7988279759884,1.4729385674,1.125,2.8355438113213,0.16070675849915,0.13853191956878,0.05794999981299,1.6454816162586,2.6072622537613
0.035369179211557,0.23333191871643,0.75829859822989,0.49416799843311,1.7802729904652,1.4120411872864,0.875,2.6120266914368,0.13398192636669,0.13860882073641,0.038606999441981,1.6870862543583,2.4703930616379
0.035119490232319,0.23692501708865,0.68884149193764,0.44072699546814,1.7822270095348,1.3807969689369,0.875,2.8267426788807,0.11822482198477,0.14084098115563,0.053981999866664,1.5641213357449,2.3620643615723
0.032391220331192,0.2438013702631,3.0049486905336,0.44130600243807,1.7822259962559,1.5604105591774,0.875,2.8194594085217,0.13182368129492,0.13903523981571,0.064408000092953,1.6568578481674,0.47097444906831
0.065007839817554,0.58766310289502,6.8022092580795,0.4709900021553,1.7744129896164,1.4417069852352,1.0,2.8272664248943,0.16394054330885,0.13571309298277,0.062895998824388,1.4750865995884,0.05259176902473
0.029183220118284,0.46428223699331,5.5892901420593,0.51753900200129,1.7607410252094,1.3449169099331,1.0,-19.7344542294741,0.20593950897455,0.13925473764539,0.089779000729322,0.2303020991385,0.10952915158123
0.083493138663471,0.32211776822805,2.8359379768372,0.91130900382996,1.7636719942093,0.93563287705183,0.875,-113.583436891437,0.32113343477249,0.13886805251241,0.085679000243545,0.27520853281021,1.8774603828788
0.080463980324566,0.49234553426504,3.2092125415802,2.7903560400009,1.7724609971046,0.92217612266541,0.875,-230.943435519934,0.16168989799917,0.13554241508245,0.1009869989939,0.26037138700485,2.5670318603516
0.062479529064149,0.36813000589609,2.970493376255,2.8977549672127,1.7646480202675,0.76582449674606,0.875,-327.019941926003,1.7358334958553,0.14029961824417,0.25703100347891,0.23351820185781,2.0963126122952
0.051674720831215,0.40975425392389,3.092826962471,2.9064050316811,1.7744129598141,0.81867106258869,1.0,-392.079076439142,1.430188305676,0.13906081020832,0.060026999097317,0.23146460205317,0.058603890240192
0.03990826010704,0.30608369782567,2.8938947319984,2.8695989847183,1.7695319652557,0.87256726622581,0.875,-426.283799394965,0.96263613179326,0.13383502885699,0.088100000750273,0.29442267119884,0.080035360530019
0.039653520099819,0.28608208149672,2.7862939238548,2.8817499876022,1.7529290020466,0.91345171630383,1.0,-430.822310879827,0.63912299647927,0.13928512111306,0.18460000120103,0.26019281893969,0.92244263738394
0.028277839533985,0.30704891681671,5.2610208392143,2.9101219773293,1.7636720240116,0.87987750768661,0.875,-410.06963314116,2.4937660694122,0.13877161964774,0.13599600084126,0.23261784762144,2.5911880135536
0.049318339675665,0.27028276398778,5.6553008556366,2.9326529502869,1.7587900161743,0.83885146677494,1.0,-355.811147168279,0.3934462480247,0.13648968189955,0.066584999673069,0.28168410435319,2.6118434667587
0.035059959627688,0.20386695861816,3.5004357993603,3.5654879808426,1.7851550281048,0.96577967703342,0.875,-271.557018131018,0.19995646178722,0.13627623766661,0.058270998299122,0.26377096772194,2.435243666172
0.034834379795939,0.24449900910258,0.86853419244289,4.1095820069313,1.7910159826279,0.8238558024168,0.875,-163.094754457474,0.17851036787033,0.13877375051379,0.065827001351863,0.23030691221356,3.618942797184
0.093860828317702,0.32759390771389,1.2610146552324,4.0765789747238,1.7724609673023,0.88773825019598,1.0,-50.5165206044912,0.32045881822705,0.13940724357963,0.12795300036669,0.28298499062657,1.3943174481392
0.053180599119514,0.37312585115433,1.2549767941236,4.6434280872345,1.8027350008488,1.3725553452969,1.0,0.96415819227695,0.33758639916778,0.13849947229028,0.081675001420081,0.26141265407205,0.18441134318709
0.045334538910538,0.6115383580327,3.5151852369308,4.7610090970993,1.8203130066395,1.4998640418053,1.0,2.5531815886497,0.34908936172724,0.13471002131701,0.057281001005322,1.3941971808672,0.10974871180952
0.039064918644726,1.0725825577974,1.8243061155081,4.9591000080109,1.7851549983025,1.3904927670956,0.875,2.8593143522739,0.44330472499132,0.14023549109697,0.061006001662463,1.679211974144,0.037096289917827
0.08425072953105,1.0687705203891,0.73661479353905,2.3425219580531,1.7919920086861,1.4128900766373,0.875,2.7862663567066,1.5001089498401,0.14030047133565,0.12294399691746,1.6084873080254,2.7002646327019
0.12119736894965,0.52714483439922,0.79662214964628,0.49377700686455,1.8095709681511,1.4988569915295,0.875,2.6339946389198,0.28346537053585,0.14034424722195,0.40818100469187,1.5473853945732,2.7078759074211
0.041215760167688,0.28258049115539,1.2490239739418,0.44589899480343,1.803711026907,1.2718308866024,1.125,2.7801990509033,0.25563752278686,0.13371742144227,0.10908400081098,1.7382561862469,2.6693171858788
0.088812611997128,0.2852071672678,0.72275172173977,0.47875299304724,1.8007800281048,1.4821655452251,0.875,2.8330812752247,0.21369796618819,0.14016297832131,0.09566400013864,1.5935899615288,2.4772075414658
0.056536081247032,0.25783553346992,2.9992763698101,0.46690900623798,1.7910160124302,1.4655518829823,0.875,2.8526032567024,0.1631390415132,0.14194634184241,0.087614003103226,1.6251854598522,0.14843012206256
0.03797514969483,0.24810672178864,4.090602517128,0.44205900281668,1.8095699846745,1.4263324737549,1.0,2.8375228047371,0.1261126883328,0.14150147885084,0.081324001774192,2.0303390324116,0.051578340120614
0.030235799495131,0.25164383277297,3.9608329534531,0.49829100817442,1.7988280057907,1.4252018928528,0.875,2.8204140663147,0.12987586855888,0.137037307024,0.045965999830514,2.394987821579,0.051679451018572
0.080867450218648,0.24293346330523,2.6869006156921,0.44465199112892,1.7714840173721,1.6218347251415,1.0,2.8447015881538,0.12547180615366,0.14046550914645,0.10459599643946,2.2077028155327,1.0861313827336
0.047076908871531,0.2533877491951,3.6410918235779,0.45839200913906,1.7744140028954,1.3762405514717,1.0,2.49458357691765,0.10757340118289,0.14044135808945,0.11752000078559,2.0098334252834,2.7211973667145
0.027443300001323,0.61080706492066,5.3401005268097,1.0472540259361,1.7753899991512,1.4853535294533,0.875,-18.948876991868,0.20584448799491,0.13514492660761,0.59324199752882,0.28263836354017,2.6173870563507
0.040855860337615,0.66276614367962,4.6687775850296,1.1737999916077,1.7597649991512,1.0429714918137,0.875,-114.308544322848,0.17041271738708,0.14000099897385,0.66189999878407,0.22771751135588,2.0296090841293
0.15615697018802,0.95398303121328,4.0429210066795,0.72164099663496,1.7666009962559,0.8042032122612,1.0,-224.097227439284,0.29923606850207,0.13927801325917,0.62193298339844,0.27875502035022,1.4298289418221
0.14447000995278,1.145842500031,3.0375499129295,0.56752000004053,1.7568359971046,0.91525994241238,0.875,-312.786155641079,0.17698131874204,0.13724875077605,0.65652400255203,0.2643263079226,1.7766700685024
0.13078338187188,0.39417630434036,2.7620295882225,0.57862900197506,1.7587899565697,0.84040394425392,0.875,-375.855668097734,0.16388593055308,0.13557038083673,0.59146001189947,0.22923256084323,1.4420538544655
0.062248360365629,0.34555635601282,3.3425725102425,0.87125101685524,1.7597659826279,0.93085446953773,1.0,-412.331312030554,0.19624426215887,0.13903145119548,0.56263599544764,0.2874076589942,1.1823380291462
0.037703459151089,1.1047950834036,3.2262807488441,1.067645996809,1.765625,0.75369696319103,1.0,-413.527053371072,1.563276797533,0.13900522142649,0.52578800916672,0.25806963071227,0.80935934185982
0.047040809877217,1.7347196042538,2.8278947472572,3.1043400168419,1.7832029759884,0.90181212127209,0.875,-392.042009219527,0.18065623939037,0.13783343881369,0.130999003537,0.2283770814538,0.6454119682312
0.075688289478421,0.720547914505,2.7147390842438,3.1695240139961,1.7919920384884,0.90119385719299,0.875,-340.823402836919,0.17996246740222,0.13415266945958,0.10537099838257,0.28254821896553,0.50265868008137
0.038433740846813,0.47655853629112,2.5278515517712,2.3799369931221,1.8076159656048,0.81723304092884,1.0,-261.28696167469,1.1193105764687,0.1382266394794,0.089768001809716,0.25973658263683,1.1633303575218
0.036815339699388,0.27325223013759,2.3901236653328,1.005196005106,1.8173830211163,0.91252973675728,0.875,-158.093995511532,0.3118785507977,0.13858257234097,0.082456999924034,0.23504181578755,2.9619599580765
0.043447120115161,0.41047669947147,1.7454066872597,0.8196779936552,1.8007820248604,0.9269150197506,1.125,-50.7551741302013,0.27397194877267,0.13799398764968,0.093292997218668,0.24986460804939,3.0972875952721
0.034852750133723,0.62068470567465,0.35277800820768,3.4776830673218,1.791993021965,1.3545975387096,0.875,0.98324689269066,1.1012331843376,0.13808063045144,0.12018199637532,0.28711488097906,2.2552931010723
0.059572610072792,0.46614523231983,0.45221782848239,3.9684110283852,1.8203120231628,1.4032836556435,1.0,2.8340719640255,1.4462549388409,0.13881744816899,0.53817900642753,1.4351436495781,1.8543002605438
0.041757188737392,1.5974191129208,0.47446163464338,3.975694000721,1.828125,1.5191065967083,0.875,2.5727380514145,1.4175346046686,0.13811195641756,0.35942199826241,1.5246843993664,0.12339311093092
0.041570609435439,1.467679053545,0.53940864000469,3.5522330403328,1.803710013628,1.4301566183567,0.875,2.8277341723442,0.4284096211195,0.13413275033236,0.22219099476933,1.6832606494427,0.09694942086935
0.044410080648959,2.3710882663727,0.34585631126538,0.91421199589968,1.8027340173721,1.4526797831059,1.125,2.8720417320728,0.23636053130031,0.13922378793359,0.22322399402037,1.6035602688789,0.17573907785118
0.040169019717723,1.0242268443108,0.89159834384918,0.51695600152016,1.7958979904652,1.5108239352703,0.875,2.8142319917679,0.16593153961003,0.13929358497262,0.26273399591446,1.5279420018196,0.068780360743403
0.057928960304707,0.80332654714584,0.26941070426255,0.4833409935236,1.7949219942093,1.4730622470379,1.0,2.8836369812489,0.13170726038516,0.13913993164897,0.096876000054181,1.7136159241199,0.077641770243645
0.038633080199361,0.37723272293806,0.46030037058517,0.48801200836897,1.7998050451279,1.4675150811672,0.875,2.8031785488129,0.17698195762932,0.14094579219818,0.11962899938226,1.6380949616432,0.065568021498621
0.03581000957638,0.30724610388279,0.28017417388037,0.52281299978495,1.8037099838257,1.3999149501324,1.0,2.8276091217995,0.25365649536252,0.13664539158344,0.08712499961257,1.5531806647778,1.2432688698173
0.033734290394932,0.26498069614172,0.39739156188443,0.47808799892664,1.8095700144768,1.6285593509674,0.875,2.9004242122173,0.25532147660851,0.14002955704927,0.075200998689979,1.7389758229256,2.8020986318588
0.032170240301639,0.31913651525974,0.34859824087471,0.49122300744057,1.7978519797325,1.3679602742195,1.125,2.8017167747021,0.14762790873647,0.13948952779174,0.065662001725286,1.6252361536026,2.5066209435463
0.033025339711457,0.24881126731634,0.82720781862736,0.50176800042391,1.7851560115814,1.3948026895523,0.875,2.5724111497402,0.13549307174981,0.13918501883745,0.062082998920232,1.2741039246321,1.6765768462792
0.033399089239538,0.19036917202175,0.36208913382143,0.45513899624348,1.7763670086861,1.4756724536419,0.875,-22.2578630000353,0.13558110781014,0.13718592002988,0.058921999298036,0.29126822575927,0.10683201812208
0.071616609580815,1.1465688347816,0.34608527552336,0.37921000272036,1.7636720240116,1.0157932937145,1.0,-114.599264100194,0.12896649166942,0.13532711565495,0.061439000070095,0.25778876617551,0.046259379945695
0.16296077892184,0.90023358166218,0.39898359123617,0.5278700068593,1.7666010260582,0.83454242348671,0.875,-223.260819509625,0.30541100539267,0.13991573825479,0.069778998848051,0.25439142435789,1.5628306716681
0.15716517344117,0.30656390637159,0.21483819000423,0.41753400862217,1.3300769925117,0.57094556838274,0.75,-303.88488714397,0.26840897649527,0.14014527946711,0.046812999527901,0.24374545365572,0.34545430354774
0.09616357833147,1.4931113049388,0.4358186898753,0.52726299315691,1.7929690182209,1.0704851895571,0.875,-344.28899307549,1.9424130991101,0.13962756842375,0.058248999528587,0.26295468956232,0.072805130854249
0.060904629528522,1.4104804694653,0.79941438138485,0.52655199170113,1.8027350008488,0.86158946156502,1.0,-385.333643108606,1.9620463550091,0.13594119995832,0.094490000978112,0.23661677539349,0.042063619941473
0.038257170002908,3.1132739186287,0.34218417806551,0.52904199808836,1.8115230202675,0.9270886182785,0.875,-395.334840923548,2.5880630016327,0.13601658120751,0.12069899775088,0.31616567075253,0.06743889208883
0.048501519486308,2.7062956094742,0.35127753764391,0.53871200978756,1.803711026907,0.88552469015121,1.0,-385.284668922424,2.3163932785392,0.13859465718269,0.06698000151664,0.25084663182497,0.071949299424887
0.036746190395206,1.0793477892876,0.41671119024977,0.55167999863625,1.7978510260582,0.90501861274242,0.875,-326.397092744708,0.51726263016462,0.13929544761777,0.061405001673847,0.23047797381878,0.082318540662527
0.034432480111718,0.60260856151581,0.21163268666714,0.56076900660992,1.7988279759884,0.96560582518578,1.0,-239.347244799137,0.20611272007227,0.13851460069418,0.058992000762373,0.28580961376429,0.067258140072227
0.030366720166057,0.48291896283627,0.47246701596305,0.57240998744965,1.805663973093,0.89870332181454,1.0,-121.865360841155,0.28732211515307,0.13830189034343,0.060390000697225,0.2671718262136,0.094017170369625
0.02957252971828,0.48636215180159,0.73391990363598,0.54054299741983,1.7871100008488,0.87860108911991,0.875,-45.9207513481379,0.49749111384153,0.1389003098011,0.058414000086486,0.22784093767405,0.098214149475098
0.028193949256092,0.60299998521805,0.43277936102822,0.53792799264193,1.7646489739418,1.419152200222,1.0,-1.53552429378033,0.33334397524595,0.13771804049611,0.086506999563426,0.26475239172578,0.067785879131407
0.05771872960031,1.0369671285152,0.23718474805355,0.54307600855827,1.7929680049419,1.5314467549324,0.875,2.69966778159142,0.31949589401484,0.13857632875443,0.071311998646706,1.4712406396866,2.7212716937065
0.046726991422474,0.93843884766102,0.4257172155194,0.55321000516415,1.796875,1.421153396368,0.875,2.8072958290577,0.40633073449135,0.13896679133177,0.08998900000006,1.526906400919,2.5806610584259
0.044129459187388,0.48445366322994,0.20830427436158,0.5598099976778,1.8125000298023,1.3382342159748,1.125,2.71961869299412,0.28865990415215,0.13879324868321,0.069259999319911,1.6185880601406,0.60370705276728
0.044356689788401,0.52877387404442,0.45824049040675,0.52835199981928,1.7773429751396,1.5073419213295,0.875,2.2522993683815,0.24749556183815,0.13423323258758,0.070455999113619,1.6812206506729,0.46953909471631
0.031335430219769,0.53129161149263,0.72462194412947,0.50573299080133,1.8017579913139,1.5390914082527,0.875,2.7846044450998,0.20529516041279,0.13711515814066,0.10072200000286,1.5605503022671,0.119644401595
0.036175220273435,0.44888870418072,0.41255534766242,0.54992900788784,1.8046869933605,1.4304316341877,1.0,2.7342474758625,0.2191614434123,0.13937778770924,0.11350200138986,1.6120797693729,0.099647340364754
0.030311070382595,0.35893683880568,0.2981651686132,0.54590700566769,1.7861330211163,1.3585052192211,0.875,2.8020205199718,0.29493944905698,0.14072523266077,0.079226001165807,1.6795279979706,0.03184378053993
0.031865019816905,0.28212066739798,0.49679804034531,0.52056100219488,1.8027349710464,1.6210009157658,1.125,2.73622252047062,0.1245766915381,0.1424454934895,0.068432000465691,1.6043893992901,0.031942720524967
0.033316639717668,0.38775966316462,0.29758528247476,0.5066320002079,1.7871100306511,1.51231944561,0.875,2.8341896831989,0.19276341795921,0.14199984818697,0.062642000615597,1.6058322787285,0.031822309829295
0.038421260658652,0.29846849292517,0.46092629572377,0.53954400122166,1.774413973093,1.4735874831676,1.0,2.71927809715271,0.15679121017456,0.14078327268362,0.10874700173736,1.6848789155483,0.031466170214117
0.036287139169872,0.22747446969151,0.6088413130492,0.53352100402117,1.7802730202675,1.4808257520199,0.875,2.45002526044846,0.1219075601548,0.13853156939149,0.098818001337349,1.3200631961226,1.0163780911826
0.067674420773983,0.21263908594847,0.44510238058865,0.48255799710751,1.7939450144768,1.4336928725243,0.875,-23.0072524696589,0.13079043850303,0.13532280176878,0.073388998396695,0.23923880234361,2.6997508406639
0.10222721192986,0.99876302480698,0.22511685360223,0.54081901162863,1.7773440480232,1.0511057823896,1.0,-113.916310489178,0.25328949280083,0.13795490190387,0.091010998934507,0.27853061258793,0.71856528008357
0.12927194871008,0.70397253334522,0.42302941670641,0.56588499248028,1.7548820078373,0.93859419971704,1.0,-218.846400737762,0.26279954984784,0.13823333010077,0.3502339925617,0.25238515809178,0.031696579419076
0.14129960164428,0.64986556768417,0.26537561276928,0.60295199602842,1.7568359971046,0.87842161953449,0.875,-304.664041012526,0.45742809399962,0.13853939622641,0.47292799502611,0.2485367693007,0.039242429658771
0.089292460121214,0.40566419810057,0.54380870610476,0.61028300225735,1.7480469942093,0.82304568588734,1.0,-364.628438428044,2.276447430253,0.13857255131006,0.30347300320864,0.2804693505168,0.054042569361627
0.061213590204716,0.36791031807661,0.59153892984614,0.68569999933243,1.7666009962559,0.82114495337009,0.875,-395.418061822653,0.88443466648459,0.13834863528609,0.071415999904275,0.25117701292038,0.070527679286897
0.050930270459503,0.45670843869448,0.46036707609892,0.51760399341583,1.7734369933605,1.0049385279417,0.875,-399.890385314822,0.27264447137713,0.13887070119381,0.39890899881721,0.25539386644959,0.069500230252743
0.047173249535263,0.54316330701113,0.21949426224455,0.66738499701023,1.796875,0.92959097027779,1.0,-374.351408094168,0.18098644539714,0.13801034912467,0.19836899312213,0.29306702688336,0.06883928924799
0.047663481906056,0.38431779295206,0.39430483756587,0.67617899179459,1.7607429921627,0.82849869132042,1.0,-321.940340816975,0.1532623283565,0.13774356245995,0.073314000386745,0.24988252669573,0.11875218898058
0.063846939243376,0.30817154049873,0.34774501807988,0.69349199533463,1.7597669661045,0.86108779907227,0.875,-247.05093857646,0.19471940770745,0.13773001357913,0.069282001350075,0.25552937015891,0.13724506087601
0.033008180558681,0.76374144107103,0.47111427225173,0.62800201773643,1.7695310115814,1.0246552973986,1.0,-147.403918176889,0.71390401944518,0.13744601979852,0.091824000235647,0.31213557347655,0.068660249002278
0.11431298358366,0.84442698210478,0.59399222256616,0.64645400643349,1.7646479904652,1.0333349406719,0.875,-37.8533507883549,1.0522214025259,0.13769984990358,0.07436899933964,0.24580596759915,0.094334929250181
0.030199689790606,0.38904489576817,0.45485200360417,1.6761630475521,1.790038973093,1.4104092121124,1.0,0.18224702775478,0.40163465589285,0.13724413886666,0.078863999340683,0.24020593985915,0.11572143994272
0.049683649092913,0.46701100468636,1.2083014841191,3.9885420203209,1.7939459979534,1.5100145637989,1.0,2.70277696847916,1.0288204178214,0.13832925260067,0.47925900481641,1.5100064128637,0.47764706611633
0.049350940622389,0.50087473541498,2.402372777462,4.0656560659409,1.8222659826279,1.511429220438,0.875,2.8356176912785,0.34138271212578,0.13851903751493,0.21856700256467,1.554347127676,0.30534775927663
0.039259699638933,0.55088107287884,1.478414542973,3.9645459651947,1.8037109971046,0.27516946196556,1.0,2.72175937891006,0.31289999932051,0.13846219331026,0.16402800008655,1.5843920409679,0.13883129041642
0.041700769215822,0.44597618281841,0.40731595177203,0.78882098942995,1.819336026907,1.4151785969734,0.875,2.2952814400196,0.29281558841467,0.13852816447616,0.1213860027492,1.6962711811066,0.087984239682555
0.052545208483934,0.36171804368496,0.60334824444726,0.51244899630547,1.7958980202675,1.4713201522827,1.0,2.5134202986956,0.30336529016495,0.13838236033916,0.085003001615405,1.6060427129269,0.11850987002254
0.036499700509012,0.2983411103487,0.72674747556448,0.52841100096703,1.7998040020466,1.6204107701778,0.875,2.67345233261585,0.24570381641388,0.13809902220964,0.07943700067699,2.1619004607201,0.11263011209667
0.033044210635126,0.29859763383865,0.35234494134784,0.55989799648523,1.7958990037441,1.3596531450748,1.0,2.8238768875599,0.14167416095734,0.14004981890321,0.072846000082791,2.4059563875198,0.034362049773335
0.033181350212544,0.25121083855629,0.33669043052942,0.55725298821926,1.7910149693489,1.4879045188427,1.0,2.73538063466549,0.12600715830922,0.14096031337976,0.070212001446635,2.2922253608704,0.031598269939423
0.0318051003851,0.22129471227527,0.33959911158308,0.5422809869051,1.7841790020466,1.3957961797714,0.875,2.8141748011112,0.12968633137643,0.13996912911534,0.083720998838544,2.2880953550339,0.031489499844611
0.036431520711631,0.31682405248284,1.1856407793239,0.49867599457502,1.7675779759884,1.5504953861237,23.625,2.4997084736824,0.11424406990409,0.13697466999292,0.071246999315917,2.3434106111526,0.031002319417894
0.033830970991403,0.22490031644702,4.1171309351921,0.54050000756979,1.7548829913139,1.4979799687862,58.125,2.68440248072147,0.12970765959471,0.13958767056465,0.067722999490798,1.87849201262,2.0846965261735
0.064340620767325,0.20274538546801,4.3869984149933,0.57806801795959,1.7636719942093,1.418476998806,68.75,-19.9942469149828,0.11120053194463,0.1381005384028,0.060101999435574,0.24297622963786,2.0121238352731
0.13642241060734,0.44192493706942,2.8944177031517,0.60871399194002,1.7626959979534,0.97264494001865,97.875,-105.142926037312,0.2967856246978,0.13832868263125,0.43695599958301,0.2606032975018,0.050944720394909
0.17221718654037,0.5408980101347,3.9200944900513,0.62779499590397,1.7597659826279,0.90716321766376,110.25,-209.318647369742,0.19692966341972,0.13766805455089,0.82251299917698,0.30052207037807,0.095190608873963
0.15318484976888,0.32018079608679,3.1964380145073,0.6485790014267,1.7578119933605,0.29524524509907,111.5,-295.936352580786,0.40294615924358,0.13847243413329,0.11447500064969,0.23126932233572,0.034033240750432
0.12118059955537,0.2947593331337,2.8912824392319,0.65693300962448,1.7910160422325,0.96088853478432,113.0,-356.625946134329,0.69872770830989,0.32691326737404,0.08269200194627,0.25453548878431,0.038414751179516
0.057021799962968,0.43587604165077,3.0861513018608,0.68524499237537,1.7587890028954,0.97382746636868,112.25,-396.113865271211,0.84926255047321,0.44766759872437,0.13996299635619,0.32557833194733,0.40533352643251
0.058283239603043,0.46042975783348,2.546309620142,0.69551999866962,1.7539069950581,0.98083443939686,111.875,-407.429056152701,1.0880888551474,0.43784682452679,0.087325998581946,0.25326864793897,0.085491811856627
0.055547560565174,1.3302097097039,1.1055155098438,0.67986400425434,1.7851559817791,0.87733192741871,109.25,-377.817283004522,0.21470829844475,0.1677568629384,0.18423300236464,0.28383842855692,0.078341338783503
0.041997639928013,0.40496021509171,1.1172638088465,0.69174200296402,1.8066409826279,0.91395218670368,74.125,-127.163938105106,0.22376507893205,0.16677863895893,0.12764599919319,0.28835853934288,0.074164599180222
0.11775106191635,0.4287441149354,0.4521107445471,0.68263700604439,1.8095699846745,0.93122637271881,82.0,-199.118408843875,0.26993558555841,0.16599648073316,0.13541600015014,0.25806552544236,0.066872619092464
0.079630840569735,0.33501736074686,0.48569611087441,0.69087100028992,1.7851560115814,0.9195299744606,112.5,-61.3297156691551,0.20413127169013,0.16728672012687,0.26892700046301,0.2624471783638,0.10023001022637
0.041412790305912,0.35656124353409,0.69284618878737,0.68061499297619,1.7841790020466,0.96927112340927,112.375,-22.4135045111179,0.55483772605658,0.16986408084631,0.18206900171936,0.31097299605608,0.075475318357348
0.033486689906567,0.8670255318284,0.46724591078237,3.1785009503365,1.765625,0.69187620282173,112.125,1.01197645068169,0.31038554012775,0.16899041831493,0.070485998410732,0.24675871804357,0.12296808697283
0.10508900135756,2.1596700549126,0.40637465845793,3.9559860229492,1.7910149991512,1.5088283717632,112.375,3.0088427662849,1.6730833277106,0.17077498883009,0.068478998728096,1.8399161696434,0.071430031210184
0.081600531935692,0.74032047390938,0.41352220997214,3.9682819247246,1.8027350008488,1.4401933550835,112.125,2.9876466393471,0.30212322622538,0.17330599948764,0.088627999648452,2.0896374285221,0.10316468868405
0.042642839252949,0.53199164569378,1.4035870246589,3.990730047226,1.7783199846745,1.4907396733761,112.0,3.093950510025,0.26856784150004,0.17186428979039,0.10686099715531,1.573025226593,0.037041029892862
0.047666510567069,0.35432135313749,0.91956758499146,1.158023994416,1.8046880066395,1.608644515276,112.0,2.4950869083405,0.26664244756103,0.17079452052712,0.062587001360953,1.5775730907917,0.041675640270114
0.044158949516714,0.39836530387402,0.70233497209847,0.096917001530528,1.8046869933605,1.4475589394569,111.25,3.0282681882381,0.25657211244106,0.17456968873739,0.06708700209856,1.7447172403336,0.14730753749609
0.037381349597126,0.32380978763103,0.42051888955757,0.45793899893761,1.805664986372,1.531734764576,110.625,3.066166639328,0.17230354994535,0.17587782070041,0.070195000153035,1.5560544729233,0.070652699097991
0.033293880522251,0.23760088160634,0.37725663930178,0.52343099564314,1.805663973093,1.5715689063072,110.5,2.73517118394375,0.13675627112389,0.17481232061982,0.081402998883277,1.635672211647,0.050726690329611
0.032297739293426,0.27609197422862,0.38471840834245,0.54537700116634,1.7890610098839,1.5402100682259,109.625,2.8243916779757,0.12905728258193,0.1759081594646,0.055845000781119,1.7013225257397,0.050609700381756
0.030451539903879,0.23819025605917,0.20897503336892,0.57223498821259,1.7695299983025,1.4534366130829,110.75,2.7754778265953,0.12807331047952,0.17470667883754,0.093419999349862,1.5558606088161,0.050590650178492
0.032007140107453,0.2064820304513,2.0393387079239,0.50700500607491,1.7529289722443,1.3772509992123,111.0,2.73797753453255,0.12824475765228,0.17425252869725,0.11070200055838,1.614256054163,0.05094453971833
0.036160990130156,0.26974264532328,5.9297604560852,0.54301599413157,1.7763670086861,1.5927439033985,107.125,2.5228958427906,0.12575741112232,0.17375410720706,0.071483000181615,1.375209055841,0.056457780301571
0.052077778615057,0.33772778883576,4.9729301333427,0.58215698599815,1.7636719942093,1.4958972036839,110.625,-4.09833136200905,0.11491839960217,0.16940688714385,0.071119999978691,0.2552926428616,0.1436009965837
0.16302584111691,0.38825754821301,2.842724442482,0.60279098898172,1.7900390028954,0.97402642667294,108.875,-58.5683003216982,0.21311373449862,0.16968293860555,0.072154999710619,0.23197372630239,0.081120958551764
0.14923327043653,0.45128025859594,3.1746158003807,0.6348239928484,1.7890620231628,1.4003628790379,110.125,-104.120676442981,0.38303324207664,0.54194432869554,0.079280001111329,0.32408057525754,0.049063140526414
0.15515060350299,0.46148753166199,3.3621020317078,0.65821899473667,1.7910160124302,1.223296135664,109.875,-237.04386305809,0.94424454495311,1.0959491431713,0.068890001159161,0.24942068010569,0.034463169053197
0.13286310993135,0.35244397073984,2.9371103048325,0.67165200412273,1.7851559817791,1.6751091778278,109.875,-349.547840580344,3.5846944451332,1.1266357898712,0.062128000427037,0.229720659554,1.0704366834834
0.062139940448105,0.48686497658491,3.7578599452972,0.68163600564003,1.7783199846745,2.615877866745,107.75,-309.337074995041,2.4602035433054,1.1126517653465,0.41872398927808,0.35051303729415,0.23221371695399
0.10412695910782,1.0762119665742,4.3429681062698,0.70575100183487,1.7792969942093,1.5484211146832,109.125,-209.769652053714,0.19545328244567,0.81405438110232,0.48146198922768,0.23252267763019,0.074663870036602
0.061423479579389,2.2424516528845,1.9941699951887,0.69819398224354,1.7861320078373,0.97954112291336,110.875,-226.072115778923,0.15008154138923,0.16157890856266,0.14400899596512,0.25699837133288,0.087438430637121
0.085364109836519,0.40672643482685,1.3682111483067,0.67580099403858,1.7978519797325,0.94563171267509,109.875,-318.816832572222,0.1938310675323,0.16119037941098,0.16466600075364,0.29580849781632,0.071102721616626
0.068005439825356,0.35342993587255,1.9424742609262,0.657949000597,1.8066409826279,0.87882277369499,110.375,-194.710264995694,0.23382401093841,0.17191094905138,0.13707500137389,0.27887157350779,0.070026289671659
0.04824285954237,0.37394219636917,2.0048406124115,0.65726999938488,1.8085939884186,0.91048581898212,110.0,-128.279050216079,0.49716996401548,0.15919235721231,0.076835999730974,0.26065178215504,0.12774424254894
0.034567350056022,0.36607605218887,0.7636390067637,0.64003601670265,1.7851559817791,0.97224035859108,110.5,-41.313226416707,0.18269274011254,0.15461053326726,0.07268399791792,0.29484897479415,0.11789243854582
0.073750439099967,0.33082656562328,0.43377749295905,3.2013270407915,1.7646480202675,0.98210357129574,110.375,0.8919736593962,0.19479971937835,0.16048856824636,0.10267299972475,0.30979319661856,0.083099249284714
0.094894871115685,0.40739861130714,0.25646271789446,3.9933208823204,1.7978509962559,1.1155661046505,110.125,2.7891063392162,0.92767617851496,0.11144720111042,0.13134599663317,1.7084667533636,0.074181611649692
0.060328011400998,0.45535830408335,0.45019816886634,4.0423939824104,1.8261719942093,1.3972724676132,110.5,2.8797891438007,0.53204521909356,0.17097716778517,0.39739098586142,1.9769377410412,0.05301811080426
0.043795620091259,0.47336669266224,1.3393071815372,4.3017510175705,1.7861330211163,1.4556077420712,110.5,2.8963407278061,0.28404063731432,0.17019652947783,0.09118000138551,1.6760758161545,0.040809540078044
0.053507369942963,0.40997949242592,0.51077421801165,1.3534569740295,1.8007809817791,1.4557544887066,110.875,2.3112932741642,0.31408605724573,0.1608448214829,0.11567599885166,1.58192679286,0.057891250588
0.039614939596504,0.39303229749203,0.97288054972887,0.50350300222635,1.8017579913139,1.5364125669003,111.0,2.9033216238022,0.28630339354277,0.15909655019641,0.11371100135148,1.7300072312355,0.073306478559971
0.040477479808033,0.33340507745743,0.58609937131405,0.55666799098253,1.7958980202675,1.5315300524235,111.0,2.8829597532749,0.21650859713554,0.16174178570509,0.10384100023657,1.3275788873434,0.048496720381081
0.033639610279351,0.26493722945452,0.47107195807621,0.59277500957251,1.8066409826279,1.4943256378174,111.125,2.8194224834442,0.1339419092983,0.16469167917967,0.060144999530166,1.6374428272247,0.050820000469685
0.033267640508711,0.5999808460474,0.23114126548171,0.54360999166965,1.7958990037441,1.5243203043938,111.0,2.9619027078152,0.13209760002792,0.16231963038445,0.0671990015544,1.6842986047268,0.050987590104342
0.030365169513971,0.78564753383398,0.43583137914538,0.52869099378586,1.7832030057907,1.4066586196423,110.625,2.8139685690403,0.13196470960975,0.16341811791062,0.05851799948141,1.6642831265926,0.050873489119112
0.033604090567678,0.2485921792686,1.3965494986624,0.57435398548841,1.7675769627094,1.4664869606495,110.5,2.8671296834946,0.13132196106017,0.15965905040503,0.074165998958051,1.6019105315208,2.34572032094
0.044547509402037,0.28445494920015,5.9435003995895,0.52423401176929,1.7705079913139,1.4103349745274,110.375,2.5336627066135,0.12782791629434,0.16811576113105,0.072587998583913,1.2113967090845,2.4240106344223
0.059880470391363,0.23210265859962,5.1574271321297,0.57269398868084,1.7597650289536,1.1394269317389,106.75,-27.2516285032034,0.12455941736698,0.17170776054263,0.070170001592487,0.25121301040053,0.77328669838607
0.15739020705223,0.53039551526308,2.9232041239738,0.61851698160172,1.7792969942093,0.74941661953926,105.5,-120.463073939085,0.95697452872992,0.1623037904501,0.24776900792494,0.23197638243437,0.10485158115625
0.16290582716465,0.35836525261402,3.1438261270523,0.62414799630642,1.7675780057907,0.6196218803525,102.625,-226.097799420357,0.24699471145868,0.16807997599244,0.6470610126853,0.3062904663384,0.058365880511701
0.14632182940841,0.3475339487195,3.0339947938919,0.91911800205708,1.7832030057907,0.72721855342388,110.25,-314.296910569072,0.15200250968337,0.14989699050784,0.50299099832773,0.25598738715053,0.37048132903874
0.097213670611382,0.47012782841921,3.4844775497913,1.0114289969206,1.7783199846745,0.97025778889656,108.875,-374.27856272459,0.14602547883987,0.15073674917221,0.28622000105679,0.23550920933485,0.71547885239124
0.06868497049436,0.41661646962166,1.7118229269981,1.0076770037413,1.774413973093,1.0164543837309,132.75,-407.334198623896,1.1129411198199,0.15570068731904,0.13165199942887,0.29013307392597,0.68943007290363
0.051346509717405,1.8248129785061,2.6663634181023,1.0055320262909,1.7871089875698,0.9450599104166,122.0,-407.728794142604,0.52241754159331,0.15519255772233,0.1318800020963,0.29142847657204,0.57578741014004
0.051605918444693,1.1756786108017,2.2741153240204,1.0100610256195,1.8027340173721,0.86813697218895,133.125,-387.370806738734,0.23533889651299,0.1537809073925,0.13270200230181,0.23602010682225,0.50012841075659
0.046880840789527,0.41905411332846,0.92487789690495,1.0204739719629,1.8017580211163,0.92775219678879,135.25,-333.766014605761,0.22606612369418,0.15698790922761,0.060356000438333,0.24932386726141,0.074929431080818
0.035897269379348,0.38530120998621,0.52652372419834,0.99926698207855,1.7666020095348,0.98828992247581,138.875,-257.516169726849,0.31812160462141,0.15542516112328,0.13732700049877,0.33103751391172,0.077982161194086
0.03179098945111,0.24077580869198,0.57139573991299,0.64819799363613,1.7792959809303,1.0112803429365,127.75,-155.576735243201,0.23254660889506,0.15517812222242,0.062143001239747,0.28733149543405,0.10279358737171
0.042158690281212,0.16734782978892,0.75922311842442,0.64163799583912,1.7822249829769,0.95678135752678,110.875,-49.7089851796627,0.20042837038636,0.15444333106279,0.078809000086039,0.29173463582993,0.040980841033161
0.030045569874346,0.30453719198704,0.45565529959276,3.0179388821125,1.7792980074883,0.89719498157501,110.75,-0.00572669506072998,1.5616036057472,0.15555473417044,0.07780299987644,0.40208625048399,0.06841863039881
0.066207279451191,0.39205281436443,0.5040449090302,4.3744729757309,1.8076170086861,1.2603116333485,111.0,2.8104379028082,0.36459128931165,0.33032563701272,0.064512001350522,1.6823175251484,0.042299349792302
0.062666830606759,0.50602360069752,0.51809824956581,4.5008859634399,1.8212890028954,1.621834397316,111.0,2.9361263513565,0.7466204687953,0.16321615874767,0.80275399982929,1.83905133605,0.061127809807658
0.053137080743909,0.56846712529659,0.71366535685956,4.4925709962845,1.786131978035,1.4661527723074,111.0,3.0722594559193,0.59831714630127,0.16028474643826,0.11570700071752,1.6780915856361,0.062088988721371
0.040556909516454,0.54512919485569,0.43865197896957,4.4433459043503,1.8085940182209,1.4701996147633,111.375,2.3830850422382,0.26528276503086,0.15807503461838,0.12054699845612,1.6786528229713,0.056666380725801
0.042438440024853,0.46036414802074,0.99661295115948,1.2668870016932,1.7880859971046,1.5018563568592,110.5,2.9100008606911,0.24446104466915,0.15775530040264,0.078850001562387,1.6049633026123,0.097325478680432
0.038163718767464,0.25151562318206,0.51482439041138,0.37015500664711,1.7998049855232,1.5405060350895,110.0,2.8245527744293,0.20444869995117,0.15737683698535,0.084146998822689,1.6676688492298,0.050452820025384
0.030922270379961,0.30171506851912,0.39784963428974,0.57660400867462,1.781248986721,1.5267133116722,109.0,2.9095177054405,0.13566405698657,0.16210357099771,0.10990200005472,1.6495449542999,0.050619909539819
0.03330036951229,0.2692543938756,0.38303719460964,0.53645500540733,1.8007810115814,1.4203996658325,110.0,2.8679552078247,0.13563617132604,0.16333980858326,0.097246999852359,1.8526963591576,0.051255869679153
0.030319930054247,0.22883306071162,0.36747407540679,0.55769100040197,1.7998049855232,1.4971860647202,109.875,2.8442789316177,0.13085195980966,0.16312111914158,0.05950399953872,2.3834863901138,0.051389880478382
0.034387900028378,0.27086297795177,1.5908719599247,0.58080200105906,1.7880859971046,1.5228302776814,110.0,2.9046244323254,0.12861172296107,0.16440984979272,0.06236599991098,2.336200594902,0.051478019915521
0.03537937020883,0.22081714868546,6.0517485141754,0.50454498827457,1.7636719942093,1.5437761545181,109.25,2.44666604697704,0.12567871063948,0.16440425440669,0.73561599850655,1.6509127393365,0.051332429982722
0.061501789838076,0.35759242624044,5.2964224815369,0.57388401031494,1.756836026907,1.3100708574057,110.5,-25.9346047341824,0.28173963353038,0.15840094164014,0.089204996358603,0.32318037748337,0.34227612614632
0.16375019028783,0.8493462279439,3.1674494743347,0.62809799611568,1.7773439884186,0.90231077373028,108.375,-116.511263102293,0.39908800274134,0.15818893164396,0.61775100231171,0.24742446839809,0.32846410945058
0.14207004010677,0.68212918937206,3.4188301563263,0.62980798631907,1.7724599838257,0.91407659649849,102.375,-202.835613593459,0.60339197516441,0.15592947974801,0.31712201377377,0.23233549296856,0.057936879806221
0.14841623231769,0.71050734817982,4.091229557991,0.64973101019859,1.7597650289536,0.93117547035217,92.625,-311.971994429827,0.20842480845749,0.65444830805063,0.68876901268959,0.31365317851305,0.039519709069282
0.09948804974556,0.38076160848141,3.0873146653175,0.7042820006609,1.7636720240116,1.0534594655037,69.625,-371.600933611393,0.33956261351705,0.94578836858273,0.21929300576448,0.25580268725753,0.04866877105087
0.067111479118466,0.34953282028437,3.3798033595085,0.74983498454094,1.7705079913139,0.97728103399277,106.875,-401.044801056385,0.89730889722705,0.24396903812885,0.062925000675023,0.23123618960381,0.056306551210582
0.32957167364657,0.35204675793648,3.2213684916496,0.72059501707554,1.7763659656048,0.87574827671051,110.75,-413.739468604326,0.2743951305747,0.16788361221552,0.069008000660688,0.29643183946609,0.06908943131566
0.65722166094929,0.48287385702133,2.5310797691345,0.73246499896049,1.8066400289536,0.93840746581554,109.375,-390.574963584542,0.20770501345396,0.15705206990242,0.063926001545042,0.2849279679358,0.084814010187984
0.046378429979086,0.37489712238312,0.75840663909912,0.70662100613117,1.7929680347443,1.0232847332954,109.375,-303.795535564423,0.183908008039,0.15874511003494,0.06112299952656,0.23018782958388,0.068059289827943
0.066222559660673,0.36250133067369,2.0146574825048,0.7476469874382,1.8076170086861,1.0113925486803,106.125,-259.507175773382,0.18293507955968,0.15666805952787,0.10316100064665,0.30012832954526,0.07638748921454
0.035523870494217,0.33538389950991,2.6772508621216,0.7246700078249,1.7939459979534,0.93823146820068,100.625,-154.580275833607,0.35084939002991,0.15373676642776,0.15147000178695,0.3222923129797,0.098214799538255
0.035363849718124,0.42899512499571,1.259474363178,0.67925900220871,1.7871090173721,0.96156138181686,112.25,-49.2475119978189,0.3395839035511,0.15348421409726,0.13978400081396,0.29649265110493,0.12924584001303
0.031059679575264,0.2913869805634,0.40858342312276,2.4552850276232,1.7812500298023,0.9056146889925,104.75,1.5580936074257,0.99295134097338,0.15319339931011,0.09126800019294,0.51410964876413,0.099224079865962
0.049810689873993,0.4919927418232,0.46796236746013,4.0667300224304,1.8046869933605,1.2398113906384,111.25,3.9361432492733,0.50359852612019,0.15958955138922,0.079742000438273,1.9196668565273,0.13186410721391
