29,31,32,33,21,1,36,11,34,14,23,19,17,12,22,10
0.026104310061783,0.27331397682428,0.35699863731861,2.3702926039696,0.12365118972957,-5.1783586665988,1.7900390028954,1.3745271265507,3.9460712075233,1.0454089641571,0.21191503107548,0.14677300211042,1.1841176599264,1.3279229700565,0.057282378897071,0.58763557672501
0.029299619607627,0.263801664114,0.96771154552698,1.5631895661354,0.12827208824456,-3.60779063031077,1.7861329913139,1.4154774844646,2.0864104628563,0.93472945690155,0.13633333146572,0.086760001257062,0.38810283690691,0.49675386399031,0.098954209126532,0.54747480154037
0.050457929261029,0.26213165745139,0.8934421017766,0.37554992036894,0.16675145924091,-1.78688344918191,1.8115229904652,1.6837903261185,1.7376786768436,2.1552794277668,0.18036435171962,0.071080000139773,0.37854462116957,0.30242741107941,0.058738400228322,0.51174663007259
0.30126202013344,0.27144557237625,0.4223892763257,0.48214744497091,0.13413050211966,-0.198943934403359,1.7695309817791,3.1031824946404,1.7786982655525,2.4734326601028,0.12674753926694,0.10299699939787,0.59005279839039,0.29995511472225,0.057463389821351,0.59916983544827
0.30257272254676,0.38665296882391,1.3326697945595,0.4624212756753,0.14812362007797,0.15956346876919,1.7871089577675,1.5049096345901,2.0739883780479,2.4633893966675,0.29502698034048,0.14502999559045,1.8193123489618,0.29976724088192,0.060533239506185,0.58339814841747
0.029659539926797,0.31571582704782,1.7886004894972,0.28343587182462,0.2782564535737,0.16166885755956,1.8183590173721,1.4102111458778,2.3188340067863,2.501119852066,0.20538933947682,0.67631300166249,1.9776563048363,0.30310175567865,0.041535809636116,0.61257421970367
0.02740033948794,0.34437866508961,0.60145199298859,1.3606601953506,0.20983515679836,0.18303703702986,1.7939449846745,1.4499188959599,2.3536829948425,2.5133767127991,0.19534448906779,0.16254599997774,1.8376771509647,0.30187495797873,1.4952095597982,0.6438280493021
0.024966679979116,0.33330085128546,0.51713644713163,0.96845132112503,0.18002023920417,0.18423712812364,1.7929689884186,1.3772519826889,2.2891072034836,2.4404302239418,0.19566890969872,0.11555000208318,1.6884975135326,0.3015233874321,0.15979745890945,0.56799548864365
0.024027400184423,0.61510210484266,0.42545916140079,0.51887192577124,0.18092187866569,0.16013007238507,1.8095699846745,1.4627267420292,2.3537113070488,2.5116749405861,0.19606404751539,0.11328999884427,1.7684580683708,0.30504978448153,0.2696682587266,0.63536129891872
0.023628169670701,1.1905396729708,0.36903755366802,0.37428427254781,0.12664169073105,0.16118206828833,1.796873986721,1.385224878788,2.3462960720062,2.4873435497284,0.13757129013538,0.07180600007996,1.7846082150936,0.3082869425416,0.072817931883037,0.60972325503826
0.023538290057331,1.0655980557203,0.3703376352787,0.34075847221538,0.12477378919721,0.16349546052516,1.791993021965,1.4332111477852,2.3006016016006,2.4994000196457,0.17534703761339,0.068010000977665,1.7259328067303,0.30352697521448,0.051389129832387,0.57374913990498
0.023447869811207,0.41598802059889,0.21184480935335,0.34879115084186,0.13107007928193,0.16648669913411,1.8056629896164,1.4184105396271,2.4184358716011,2.4846283197403,0.17676143441349,0.061345000285655,1.7607069909573,0.30910578370094,0.051325090229511,0.65088391304016
0.023397489916533,0.41397901624441,0.23332849144936,0.36574481986463,0.12494355998933,0.1681371666491,1.7978519797325,1.3725277483463,2.3803772926331,2.501612842083,0.14590317197144,0.079236001707613,1.7590813040733,0.30468968302011,0.051230859942734,0.57392556965351
0.023342029657215,0.40956422686577,0.25613538175821,2.00582203269,0.12862894125283,0.16487812623382,1.7773429751396,1.8110464215279,2.329061627388,2.4479944705963,0.13972813263535,0.07299700146541,1.7200088500977,0.30292502790689,0.051425160840154,0.59498555958271
0.025692940223962,0.36526604741812,0.23683706671,4.378069460392,0.13070214167237,0.16642392985523,1.7646490037441,1.9158699512482,2.5149818062782,1.3552113771439,0.12966830097139,0.063920998480171,1.1064380556345,0.34776078164577,0.051144540309906,0.60670307278633
0.027464449871331,0.40116871893406,0.40326824039221,4.2532845139503,0.16059150360525,0.0417803619056969,1.7568359971046,3.6870921254158,5.0786116123199,1.1744586825371,0.12435220740736,0.097501000389457,0.56512434780598,0.9100154042244,1.3082959419116,0.50892381370068
0.024699699599296,0.31118564680219,1.2663275226951,2.7068497538567,0.12498051859438,-0.774539543315771,1.7695309817791,5.1098862886429,19.454788446426,8.0373594164848,0.28350026719272,0.053356000687927,1.6166291832924,5.8822788596153,2.4131711870432,0.58661881089211
0.025587900076061,0.15093464031816,0.27312967926264,3.716206073761,0.13302682153881,-1.16682792268693,1.7685549855232,5.000449180603,20.6112241745,10.843345165253,0.15585051104426,0.80672999098897,2.4841256737709,6.3026148080826,0.042199180461466,0.53507021814585
0.030457579996437,0.21390346437693,0.31043215841055,4.3098182678223,0.16470991820097,-5.282574955374,1.7666009962559,5.1355186700821,20.713677883148,12.11979341507,0.14274311996996,1.6292160302401,2.937997341156,6.9207769632339,0.099474916234612,0.52600325644016
0.024513700511307,0.17352590337396,0.29403647780418,5.9578804969788,0.12659463472664,-6.70899241231382,1.7626950144768,7.2836991548538,18.263127803802,13.602149486542,0.13104231655598,0.61583700636402,4.1215859651566,6.3309180736542,0.76014040410519,0.58367726206779
0.024223799817264,0.16573291271925,0.27871881052852,4.1849988102913,0.12283381074667,-7.54018119350076,1.7578130364418,4.1154302358627,15.778440475464,11.621309280396,1.1635808832943,0.074958998709917,4.3662430644035,5.9382628202438,0.5709738060832,0.53928366303444
0.024265420157462,0.16061386093497,0.24830628931522,4.4667050242424,0.12976500950754,-7.86992353200912,1.7646489739418,3.6721658110619,15.540547847748,9.0332365036011,0.88684516400099,0.12634499929845,5.7628029584885,4.4618715643883,0.55717897415161,0.63239549100399
0.028001600410789,0.15771400928497,0.8004541695118,1.8184711486101,0.12337104044855,-3.79740557260811,1.8037109971046,2.2095445990562,6.6249936819077,3.307345315814,0.074039151892066,0.092015001922846,3.1217803955078,0.88404160737991,0.27993434388191,0.60968996584415
0.024996140506119,0.15546254068613,0.35298079624772,3.7481785044074,0.12551563046873,-372361.43665202,1.7753899991512,1.9472820162773,5.3059285879135,0.95023584365845,0.0483428100124,0.28898200113326,2.163926422596,1.5790697038174,0.058790199458599,0.56046169996262
0.025250010192394,0.62495540082455,0.30833061039448,1.4740540087223,0.12901518680155,-5.00656191259623,1.8066399693489,1.5746222138405,3.1945649981499,0.94413229823112,0.10492440592498,0.27519200742245,0.98389191925526,1.9925971925259,0.071644930168986,0.64309404790401
0.025304730515927,0.21957605704665,0.36017508804798,1.3076322078705,0.12465779855847,-2.7277889996767,1.8027350008488,1.3749184012413,2.3154975175858,0.92701782286167,0.058933699503541,0.080362999811769,0.33987749740481,0.30238573253155,0.078030029311776,0.50633756071329
0.030240369960666,0.21408031880856,0.29985079169273,1.2654031151906,0.12607182189822,-1.51518499106169,1.7890630066395,2.3423973917961,1.758032977581,1.9944258630276,0.051388650201261,0.051256998209283,0.38321355730295,0.30100450664759,0.080254280939698,0.54813112318516
0.024888489861041,0.36796917021275,0.3340912014246,1.3531932630576,0.12681111879647,0.00545547902584273,1.7958990037441,1.8577472269535,1.7697072029114,2.4095984101295,0.11148961726576,0.16939999908209,0.52976527065039,0.29894414544106,0.070570379495621,0.57090909779072
0.024480920284986,0.32481740415096,0.28034629300237,2.4770150184631,0.12258684076369,0.61832647025585,1.8105470240116,1.3529311716557,2.0590423047543,2.4046356081963,0.30016848444939,0.07320499792695,1.6551837474108,0.29949967563152,0.058929810300469,0.56410440802574
0.025922759901732,3.4453293681145,0.57645659148693,0.48493687622249,0.13128740526736,0.41846887767315,1.8251959681511,1.2702105045319,2.2232227325439,2.3971524834633,0.4291716851294,0.11965200025588,2.0730885267258,0.30144947767258,0.38871997687966,0.65604335069656
0.064732619561255,0.82473837584257,0.55067414790392,0.83949582278728,0.12523330934346,0.59454790502787,1.8144529759884,1.3849757909775,2.3422176837921,2.4150260090828,0.23522907495499,0.23827099660411,1.6939488351345,0.29949613660574,0.44471431523561,0.58941042423248
0.14633641019464,0.31548063457012,1.0567635297775,0.91153489053249,0.12360850162804,0.45458275824785,1.7841779887676,1.2702895104885,2.3026539683342,2.4224497079849,0.22436321154237,0.12457400001585,1.6905677616596,0.30152622610331,0.10870270058513,0.59415893256664
0.19742626138031,0.42170444130898,0.46493699401617,0.40680547850206,0.13033598847687,0.29976149648428,1.3466800153255,1.3469864428043,2.3203927278519,2.3518279194832,0.21717899665236,0.10453099943697,1.7290069162846,0.29883310198784,0.07637529913336,0.64399605989456
0.59719662135467,0.23000141233206,0.29461386799812,0.3596203122288,0.1233339086175,0.16238582134247,1.3525400161743,1.3598588705063,2.3679804801941,2.456591963768,0.16927766054869,0.11451700143516,2.4072780013084,0.30353885143995,0.62653153575957,0.56884759664536
0.028132000006735,0.19513162225485,0.19362464360893,0.35678443359211,0.12803014926612,0.16923921182752,1.774413973093,1.2639030814171,2.2522438168526,2.403935790062,0.1381426602602,0.056005001068115,2.3716108202934,0.30393931269646,2.7929369211197,0.6327008754015
0.028150469996035,0.17384010925889,0.22713663801551,0.3428599042818,0.12930927053094,0.17974800616503,1.781248986721,1.3662553727627,2.3431198000908,2.3545516729355,0.13182981871068,0.073279000353068,2.4626254439354,0.30260200798512,2.7024168968201,0.60971100628376
0.028063930571079,0.17129908874631,0.096955768764019,0.35303366649896,0.12344115041196,0.16959726065397,1.7783199846745,1.2978346049786,2.365447640419,2.4214594364166,0.12884491123259,0.062282001134008,2.4475308060646,0.30692552775145,0.40945151913911,0.56483109295368
0.028086469974369,0.17203721776605,0.24901058897376,1.4481088072062,0.12469744868577,0.1773241981864,1.7539070248604,1.3417678177357,2.2094343304634,2.3230302333832,0.12953673861921,0.052928999066353,2.3386577367783,0.30228838324547,0.052062560804188,0.66678573191166
0.028749619610608,0.19969947263598,0.23934369906783,5.7184789180756,0.12868978828192,0.182891157921406,1.7587890028954,1.7817851901054,2.3237165212631,1.196922197938,0.1655873823911,0.083583999890834,1.4646039605141,0.3592716678977,0.052806089632213,0.52426169067621
0.032229139469564,0.23142353817821,0.78513250499964,4.233954668045,0.12238895893097,0.70634659752245,1.7734379768372,3.6071766316891,5.615994811058,0.94141724705696,0.17501254938543,0.07343199942261,0.50261525809765,1.4619352519512,0.095789067447186,0.76558902859688
0.032402789685875,0.25160271674395,0.76028720289469,3.0289263725281,0.12419261969626,-0.598171945661301,1.7744140028954,5.7298865318298,20.504809379578,8.3345227241516,0.14380770921707,1.0793290138245,1.5052178055048,5.5594127774239,0.064434360712767,6.0932703614235
0.053341319784522,0.27951070666313,0.28926759213209,2.9261911511421,0.12866267934442,-2.87819852307439,1.7714849710464,6.0505926609039,21.173947095871,13.112547159195,0.32355432957411,0.50409100204706,2.4293028116226,5.626337647438,0.042343679815531,5.7817071080208
0.028660129755735,0.23407036811113,0.31162688136101,3.0764746069908,0.12245172075927,-5.03216259181499,1.7597660124302,5.4974147081375,19.664409160614,13.571578264236,0.14371055923402,0.1055079982616,2.4833174347878,5.7002313137054,0.034501570276916,5.1483707427979
0.028897819574922,0.1984680891037,0.28190774470568,2.6430354118347,0.15723793953657,-6.2168919891119,1.7763669788837,5.1152012348175,19.871453285217,11.592298269272,0.37307007238269,0.055196999572217,2.6496927142143,5.426783323288,0.048311101272702,5.6537538766861
0.02877314016223,0.15557334013283,0.28845784068108,3.2146200537682,0.13601768016815,-5.92332283221185,1.7646480202675,6.9305276870728,17.872266530991,8.0879392623901,0.45547958835959,0.055273999925703,4.1516708135605,5.3934656977654,0.045657419599593,4.8143625259399
0.033314949832857,0.1135062687099,0.32600077614188,1.0655073914677,0.12513425014913,-4.97999287210405,1.7695309817791,5.517005443573,17.85169839859,8.3628644943237,0.13890449143946,0.057464999612421,4.0388185977936,3.7852503061295,0.068263120949268,3.6975749135017
0.029505449347198,0.1151841506362,0.4538748562336,1.0178874954581,0.1309216581285,-4.67613731697202,1.8076170384884,2.0303340852261,6.54554271698,3.7013347744942,0.15705070272088,0.2201959961094,2.6941091418266,1.451956987381,0.07979666814208,4.0905359387398
0.024895789567381,0.11359598115087,0.33656575158238,2.0555536746979,0.1230886131525,-4.3399426843971,1.7910149991512,1.83603733778,3.6552988290787,1.6989478170872,0.1349187605083,0.091552999801934,1.7328593879938,2.4673055410385,0.12323041819036,1.8124350607395
0.025160039775074,0.29054915904999,0.36034470796585,2.3961185216904,0.12423018179834,-4.08831147663295,1.8144530057907,1.5605086386204,3.2144219577312,1.0766519755125,0.18856246583164,0.12267500162125,0.71365340054035,2.1699910163879,0.0891537014395,0.60125052928925
0.024662429466844,0.21806342899799,0.35159109532833,0.94527949392796,0.13007650151849,-3.19752353429794,1.8017580211163,1.3599971234798,3.2952374815941,1.0906919836998,0.34600303694606,0.11419100314379,0.41333918273449,1.1564306020737,0.1196405403316,0.56733329594135
0.024249889422208,0.21422256156802,0.28842132538557,0.37240168638527,0.12330577895045,-1.76609356328845,1.7880859971046,2.1950087547302,1.2963431179523,2.1910738945007,0.14682345092297,0.13037599995732,0.32950834929943,0.34326998144388,0.039490010589361,0.52777302265167
0.026974249165505,0.39031253382564,0.64344977587461,0.51210900582373,0.12935612909496,-0.433825219050047,1.7675780057907,2.8080786466599,1.1852330267429,2.4887214303017,0.77034877613187,0.065154999028891,0.57358476519585,0.34086830914021,0.03958089929074,0.58218541741371
0.079242300242186,0.49767378717661,1.354101061821,0.25657995976508,0.12718671187758,0.284726367041002,1.8017579615116,1.5200771093369,1.3489660173655,2.5668531656265,0.38545734062791,0.38792700134218,1.6978975236416,0.34219168126583,0.058406420052052,0.62376822531223
0.77012571133673,0.74878306314349,0.54491639882326,0.47027326002717,0.12288563884795,0.34325182437897,1.8154300153255,1.3221855163574,1.6410392820835,2.5556609034538,0.19773582741618,0.09984199795872,2.0271273255348,0.34159608185291,0.26681362744421,0.58731357753277
0.05778440926224,0.4802800193429,0.3539939597249,0.35807666834444,0.12569546885788,0.30045350268483,1.8037120103836,1.3973021507263,1.6084742248058,2.5637249946594,0.1957222186029,0.13536799885333,1.6960727274418,0.34306591749191,0.16551592946053,0.67016950249672
0.11071190051734,3.0946110486984,0.41892051696777,1.5680550485849,0.12986443936825,0.30942465364933,1.8007819950581,1.3554519116879,1.623197466135,2.5507576465607,0.19511310011148,0.12344600260258,1.7388752996922,0.34116265177727,0.1827312335372,0.60063305497169
0.12274111062288,0.86085375398397,0.30871416628361,0.76872800476849,0.12267531082034,0.23931303806603,1.8066410124302,1.3572605252266,1.7535333037376,2.5522426962852,0.16308378428221,0.078758999705315,1.6523227989674,0.34558583796024,0.087824701331556,0.61979478597641
0.09234930947423,0.24466479569674,0.31622157245874,0.42575112730265,0.12562054954469,0.19343501888216,1.7968740463257,1.4021199047565,1.6925794184208,2.5035560131073,0.12438639812171,0.073201000224799,1.7898083627224,0.34404890984297,0.051054869778454,0.63755199313164
0.055164079647511,0.20092379301786,0.24497091025114,0.43322786875069,0.12637905031443,0.16265358962119,1.7978509962559,1.3141136169434,1.604483038187,2.5666083693504,0.12459804862738,0.058163000736386,1.7315997779369,0.34420441091061,0.051170420832932,0.58633218705654
0.023605530150235,0.18183859065175,0.23950181528926,0.42748754099011,0.1272392179817,0.15675111114979,1.8056629896164,1.4129117429256,1.6433944106102,2.5609741806984,0.12442496046424,0.085727999452502,1.6498057842255,0.34324676543474,0.052205990999937,0.63822808861732
0.021256720181555,0.17858773097396,0.2577648088336,0.53565070684999,0.12582674995065,0.14645195752382,1.8105469942093,1.311271995306,1.7887277603149,2.5668362379074,0.11981659010053,0.053760000504553,1.7847783565521,0.34197396785021,0.051504389382899,0.61821326613426
0.020939460024238,0.17612133920193,0.24831319972873,0.77193080633879,0.12967466004193,0.15224339999259,1.7832030057907,1.3760060966015,1.7641542553902,2.5563230514526,0.12085573934019,0.058554999530315,1.7101837694645,0.34267589449883,0.052101840265095,0.58283081650734
0.022887849714607,0.17275665700436,0.25706169754267,3.3434911966324,0.12303934618831,0.16510925069451,1.7734380066395,1.3230505287647,1.6054512858391,1.434493586421,0.27467472851276,0.057318998500705,1.2661224603653,0.34104688465595,1.6504781898111,0.64818581938744
0.02361298026517,0.19696755707264,0.20937145128846,4.6804250478745,0.13057209923863,-0.133550016209487,1.7529290020466,1.3581494688988,1.3190674930811,1.0512878149748,0.17567122727633,0.09884400293231,0.36919762194157,0.33861771970987,2.4828589558601,0.54014937579632
0.022569919936359,0.25992074981332,0.51345191150904,4.4688692092896,0.12699503079057,-0.916926655918362,1.7597660124302,1.5870524942875,1.0028372257948,0.99851271510124,0.12369550205767,0.12277200073004,0.29965023696423,0.34064358472824,0.85404795408249,0.5532808303833
0.021734950132668,0.29003371298313,0.38127817958593,3.3654257655144,0.12222645990551,-3.1956410575658,1.7822259664536,4.7297686934471,1.0528383105993,1.0324291288853,0.12322696112096,0.085730999708176,0.30319080501795,0.33685408532619,0.094873979687691,0.58899863064289
0.020812559872866,0.55415565520525,0.35261726379395,3.5227289199829,0.12637680210173,-4.78288302011788,1.8046869933605,4.7663707733154,1.2773008644581,1.0434914380312,0.12276833690703,0.41722201183438,0.36493796855211,0.33725629001856,0.09580379165709,0.52534857392311
0.021986779756844,0.56785950809717,0.39084759354591,3.5068780779839,0.12421539984643,-5.42549102008343,1.7939450144768,5.4577761888504,1.0405644327402,1.0717702656984,0.18130920268595,0.27488700300455,0.28853941336274,0.42942946404219,0.79861094988883,0.58186937868595
0.024413409642875,0.20424220152199,0.39272380620241,2.7616358995438,0.12276884913445,-4.77452608942985,1.7714839577675,5.6339567899704,0.96658970415592,1.0583152770996,0.33840577118099,0.22112500108778,0.30217241868377,0.48215271532536,0.14796241931617,0.5578830242157
0.28455449454486,0.13972141966224,0.41595323383808,2.7770419120789,0.15951878018677,-5.230982914567,1.7753900289536,5.6603211164474,1.0069734305143,1.0561165213585,0.15912679955363,0.098762000910938,0.39406608045101,0.48675025254488,0.14150625839829,0.52549506723881
0.072846269235015,0.15906373411417,2.0419217646122,0.45562197268009,0.23700259998441,-4.30137693695724,1.8027329742908,5.0217641592026,1.0339224040508,1.0022126436234,0.13313029706478,0.11091000214219,0.29078306257725,0.53662560135126,0.084409430623055,0.60046701133251
0.016428870148957,0.31658946722746,0.72554146498442,0.58787415828556,0.16949420422316,-2.25223340094089,1.7753899991512,4.8404102325439,0.9790710657835,1.0745311081409,0.13254000246525,0.14969399571419,0.2967277392745,1.2826806604862,0.12299800850451,0.53811879456043
0.017838669475168,0.24293700605631,0.41480275243521,0.39783629681915,0.16147933155298,-1.52184612303972,1.7783199846745,4.7294965982437,1.0422520190477,1.0653747171164,0.1880745626986,0.072456000838429,0.40209957957268,0.76009225100279,0.06981036067009,0.56245698034763
0.017333679832518,0.23455468937755,0.76764529198408,0.84643296152353,0.15488877892494,-1.99174818210304,1.3369129896164,2.9211825728416,1.0042518824339,1.0757433623075,0.15373042970896,0.06679099984467,0.30265780165792,0.43919897079468,0.046828280203044,0.59452719986439
0.016758100129664,0.82377223670483,1.2314114421606,0.47354434709996,0.17382574081421,-0.875882040709258,1.7822259962559,4.2401138544083,1.0504636466503,2.2233771681786,0.13584015332162,0.11781799979508,0.27642507106066,0.4414429590106,0.0632657809183,0.52947908639908
0.017219790257514,1.681049823761,0.91096992790699,0.28041863068938,0.12324098870158,-0.167906718328597,1.7822270095348,4.6275979280472,1.0039205253124,2.5322645306587,0.12920568697155,0.12674499675632,0.40202634781599,0.44216485321522,0.11478510778397,0.58491975069046
0.018183330073953,0.52777746319771,3.7400864064693,0.43109549768269,0.12562708184123,0.17293514497578,1.7695299983025,3.2357253432274,1.3325971961021,2.4616891741753,0.13668395765126,0.077179001644254,1.2757782116532,0.44026760756969,0.11584195122123,0.69857029616833
0.030266060493886,0.40263468772173,2.565183609724,0.42769845295697,0.13023613765836,0.1620894856751,1.7802729904652,2.207359790802,1.579150468111,2.5703544020653,0.22704565525055,0.11491500213742,1.6502420604229,0.43518379330635,0.081480380147696,0.69185051321983
0.053609879687428,0.54434116184711,0.65195365250111,0.42948112078011,0.12322578020394,0.16250844299793,1.8125,1.8376090824604,1.6412825584412,2.5570077300072,0.1984529197216,0.11828699894249,1.780476629734,0.43586816638708,0.057196359150112,0.74410390853882
0.053531019948423,0.46814074367285,0.63291132450104,0.92991607636213,0.12607792951167,0.16303524747491,1.8037109971046,1.9311381578445,1.5325404405594,2.5765034556389,0.19688415899873,0.09416499780491,1.801250576973,0.43939784169197,0.05553157068789,0.65885949134827
0.05289408005774,0.49862387031317,0.6349183768034,0.49073680909351,0.12656076997519,0.26068597659469,1.8085939884186,1.8774286210537,1.6947748064995,2.6032902598381,0.19379440695047,0.076995001873001,1.7243298590183,0.44091114401817,0.074484709650278,0.63115644454956
0.063399671576917,0.39957968145609,0.40786845982075,0.35622378624976,0.12276319228113,0.19954963028431,1.8027339875698,1.8949947059155,1.5502675175667,2.5752919316292,0.16634395718575,0.12398300133646,1.7774408757687,0.44112649559975,0.091312719509006,0.62693473696709
0.095096288248897,0.24556651338935,0.32558385282755,0.59270428400487,0.12987063080072,0.17272081039846,1.7939450144768,1.902994453907,1.6257002949715,2.5343478918076,0.12093464098871,0.097127000335604,1.6658774018288,0.44201619923115,0.031899509951472,0.59452530741692
0.1271918118,0.22633999213576,0.26129835098982,0.31517963018268,0.12613959796727,0.15798797085881,1.8017570078373,1.8508941531181,1.5693374574184,2.569184422493,0.12416440993547,0.076692998874933,1.7057335674763,0.44274534285069,0.031944480724633,0.6459224820137
0.016312170075253,0.22174585983157,0.33404069393873,0.46360308164731,0.12299109995365,0.190355040133,1.7939459979534,1.8960710763931,1.6712200343609,2.5557655096054,0.12815348990262,0.054623001255095,1.8023819923401,0.44128720462322,0.03200813010335,0.59403051435947
0.015331750037149,0.2287057377398,0.23179225623608,0.64932891540229,0.12924817949533,0.16605529747903,1.7949229776859,1.8081782758236,1.5723856985569,2.5498061180115,0.12660432234406,0.065938998479396,1.624989181757,0.44140323996544,0.032080389559269,0.59937912225723
0.016136180143803,0.22391064092517,0.33125238120556,0.42025166936219,0.16837644949555,0.147153109312053,1.7958990037441,1.9350838363171,1.625124424696,1.4437933564186,0.12599122151732,0.074316000100225,1.0021503046155,0.44055666774511,0.032095230184495,0.6110113710165
0.018134650308639,0.22271751984954,0.2999547123909,0.40355479624122,0.12976756878197,-0.2625477835536,1.7812490165234,1.7869558930397,1.3212036192417,1.0778045356274,0.12636289931834,0.055673001799732,0.39599364250898,0.43897531181574,0.032439110800624,0.52002741396427
0.015286949696019,0.24996647238731,0.47640709578991,0.2121613798663,0.12312607094646,-1.12319428473711,1.7724609971046,1.9133685529232,0.97664888203144,1.0571519136429,0.26322711445391,0.3903650008142,0.27075746655464,0.44042303413153,0.050629439763725,0.56218509376049
0.015495089814067,0.61310271546245,0.50934823602438,0.37074735853821,0.12564589083195,-3.14903699234128,1.7626950144768,1.8278955519199,0.98558104038239,0.95563863217831,0.14593322761357,0.4081370010972,0.29109779000282,0.43913973867893,0.047404009848833,0.5742552280426
0.015647660009563,0.66338300704956,0.48589976876974,0.41987269371748,0.126435181126,-5.06143601611256,1.7724609971046,1.8931463360786,0.89450123906136,1.0383691191673,0.71270458213985,0.32999599725008,0.39526640623808,0.43192984908819,0.044226069934666,0.52645470201969
0.015744040021673,0.53116432577372,0.87377853691578,0.63125600991771,0.12225257977843,-6.48397393524647,1.7763659954071,1.9086952805519,1.0327366441488,1.0583802163601,0.15731443837285,0.078679998405278,0.29659477621317,0.43118432164192,0.037187370471656,0.59507666528225
0.016339949797839,0.4827583655715,0.76919081807137,0.43953199358657,0.1278695948422,-7.34257717058063,1.7988280057907,1.8944147229195,1.0271784365177,1.0653638839722,0.13088255189359,0.11581500433385,0.30563358962536,0.43827527016401,0.051404121331871,0.54461531341076
0.028011390008032,0.29245722293854,0.86348788440228,0.40717414673418,0.12518601119518,-7.64212591573596,1.8085940182209,1.9219716787338,0.96116669476032,1.0407330542803,0.13694047369063,0.58896698430181,0.3820453286171,0.43708501011133,0.11097094975412,0.54939337074757
0.023918449878693,0.26420229673386,0.98280831426382,0.27196928672493,0.12256792001426,-6.18393014743924,1.7880859673023,1.8912305235863,1.2680530548096,1.0736874938011,1.2534498292953,0.074945000465959,0.30297361314297,0.43928470462561,0.082009049132466,0.60873661935329
0.074598989449441,0.26289622485638,0.34612593054771,0.30297689838335,0.12864959053695,-4.92173463478684,1.7792959809303,1.9868212044239,1.2094102948904,1.0057922005653,0.22229884471744,0.06836900068447,0.32396358251572,0.44263885915279,0.14065295085311,0.53253470361233
0.10440704040229,0.26332774013281,0.39169266074896,0.56445448985323,0.12289742194116,-5.22575968503952,1.7910149991512,1.8516600430012,1.3143177330494,1.0794778168201,0.20721274986863,0.076174000278115,0.35928766429424,0.43935000151396,0.13917054980993,0.70629942417145
0.08472229167819,0.46820455789566,0.38749942928553,0.59246592782438,0.12313083931804,-1.90604176372289,1.7841790020466,1.9567542374134,1.2936317026615,1.1021366268396,0.74783391691744,0.095298001542687,0.29155356064439,0.44995776563883,0.12678024172783,0.66375894844532
0.078909140080214,0.55139517784119,0.32070107758045,0.40968646388501,0.12859920226038,-1.65937007963657,1.7597649693489,1.8198917210102,1.6037028133869,2.2035968601704,0.36444321274757,0.062406997662038,0.30118314176798,0.44223506003618,0.041235189884901,0.54203912615776
0.084163630381227,0.4059189632535,0.50758660584688,0.38229669257998,0.1251775380224,-0.135580755770207,1.7744140028954,1.7888323962688,1.774833291769,2.545309484005,0.14232753962278,0.073796002194285,0.40310911089182,0.43752814084291,0.042354029603302,0.60368259251118
0.10208547115326,0.83426336199045,1.307922244072,0.33965858118609,0.12929975241423,0.239747321233153,1.7929680049419,1.3094197511673,6.383366048336,2.5609479546547,0.22722884267569,0.08984300121665,1.2041997760534,0.43885013461113,0.038858930580318,0.60193921625614
0.1219442691654,0.399035833776,1.0354587882757,0.23641540808603,0.12405716069043,0.35575872659683,1.8183600306511,1.4161991178989,10.286450386047,2.516805768013,0.2020241767168,0.089326001703739,1.6586168706417,0.43823325634003,0.046488790772855,0.62554198503494
0.11326426081359,0.72676530480385,0.49176119267941,3.4566381275654,0.12745604105294,0.36165027320385,1.8007819950581,1.3793213665485,4.9758515357971,2.58660197258,0.20071234926581,0.10573799908161,1.8001545667648,0.4372371584177,0.081694659776986,0.6461216956377
0.11978831142187,1.2096117064357,0.43685936182737,1.8005350474268,0.12806000933051,0.36953889578581,1.7763670086861,1.4011654555798,1.5943761765957,2.5527191162109,0.19849172979593,0.11830800026655,1.6772589385509,0.43700512498617,0.12822366692126,0.59510520100594
0.90096241235733,0.53629583865404,0.40146547555923,0.90786468982697,0.12361790053546,0.17373823188245,1.7910159826279,1.3804569840431,1.5519483983517,2.5840678215027,0.1978756301105,0.097060001455247,1.6711991429329,0.43821805715561,0.09886462148279,0.65436273813248
0.11290108971298,0.37411640584469,0.29715567082167,0.45308848144487,0.12661218084395,0.171182859689,1.8017570078373,1.3887979388237,1.631664454937,2.5614330172539,0.16067155078053,0.1116630025208,1.796704351902,0.43822001665831,0.046662030741572,0.60882678627968
0.024200909771025,0.23688011243939,0.27397406101227,0.26408447884023,0.12999586760998,0.20767035707831,1.7949209809303,1.3845955133438,1.620468378067,2.5948799848557,0.12879865057766,0.12199100293219,1.7091825902462,0.43939577043056,0.051659730263054,0.61554832756519
0.02376008965075,0.20496123284101,0.20723490789533,0.40926451701671,0.12384139932692,0.17918278090656,1.8017570078373,1.4072783589363,1.5218244791031,2.5757614374161,0.12895192019641,0.082217001356184,1.6919136345387,0.44293207675219,0.051848729141057,0.66100865602493
0.023468859959394,0.21200820058584,0.33719100058079,0.44175727665424,0.12633894570172,0.18684699945152,1.7783199846745,1.3698161244392,1.5704549849033,2.5191850066185,0.12861547991633,0.056240001693368,1.7639898061752,0.44357226788998,0.051438408903778,0.57016164064407
0.023705650120974,0.21075263991952,0.19334696233273,0.68714142590761,0.12744711339474,0.2054130230099,1.7597659826279,1.3714608550072,1.5640335679054,2.5514297485352,0.12829004973173,0.069426999427378,1.675537019968,0.43945582956076,0.051482179202139,0.65854726731777
0.025280029978603,0.24380452930927,0.26356744393706,3.3847213983536,0.12670595943928,0.147166302427646,1.7871090173721,1.7161825895309,1.5085449814796,1.4230119436979,0.12834586948156,0.076879000291228,0.96002171933651,0.48125299811363,0.051903990097344,0.58368840813637
0.02687939023599,0.31704302877188,0.9473136253655,4.7265428304672,0.12465304881334,0.0474545322358626,1.7841789722443,3.6289758086205,4.8281861543655,1.2949154675007,0.12470110692084,0.13624999858439,0.52819471806288,1.5320183634758,0.14565469138324,0.69453430175781
0.024424700066447,0.19959311187267,0.79708240926266,3.0267513990402,0.16573436744511,0.114776194095626,1.7724609971046,5.7089555263519,19.116565704346,8.8577337265015,0.27173181809485,0.10338099859655,1.9605621248484,4.9964711070061,0.18064111843705,5.6494634747505
0.026510450057685,0.22746108099818,0.87598875910044,3.3551144599915,0.13152671977878,-1.8435256481171,1.7666019797325,5.0715020895004,19.972191572189,10.876175880432,0.16063963808119,0.076760999858379,2.7361707687378,4.6565673351288,0.071426340378821,4.0027378797531
0.023937410209328,0.17160468176007,0.29944760352373,3.1526136398315,0.12721990048885,-4.27566336095333,1.7871100306511,5.4435352683067,18.379419326782,14.150580883026,0.12795212119818,0.060948999598622,4.6791026592255,4.3327186107635,0.064333559013903,4.6885716915131
0.025119400117546,0.17458303272724,0.36520988494158,3.2050180435181,0.12333115935326,-6.2406197860837,1.765625,5.9045115709305,18.193050146103,12.120776414871,0.12862627021968,0.31178099941462,4.3351265788078,4.1188201904297,0.064514949917793,3.4010022878647
0.024702399969101,0.17923441901803,0.27177592739463,3.4640356302261,0.23135245963931,-7.25011970475316,1.7695309817791,4.6421930789948,18.424779891968,8.7364271879196,0.12827602215111,0.063500999473035,4.3892432451248,4.6300434470177,0.057495850138366,2.0911043584347
0.0244629397057,0.17305367439985,0.37619300931692,2.7832739949226,0.13619361817837,-7.47015905752778,1.7900390326977,4.1564385294914,15.337374210358,6.6854118108749,0.19868630170822,0.35866099223495,4.4062261581421,3.4906761050224,0.43904889933765,1.8205530643463
0.029345809947699,0.17594983056188,0.4452717602253,0.82179514691234,0.12516649253666,-7.10157861933112,1.7949219942093,2.1998446881771,5.7065933942795,2.6195661723614,0.13892937079072,0.26342700608075,2.0427097976208,1.5609142780304,0.068403178825974,1.6199332773685
0.025022570043802,0.19977213069797,0.44147730618715,0.57697015441954,0.12781609408557,-3.55097599886358,1.7919920086861,1.9494025707245,3.5543760061264,1.0326743125916,0.12971521168947,0.11691799946129,0.87008762359619,3.3642590045929,0.067520920187235,0.73850667476654
0.025162530131638,0.33178775757551,0.35621711611748,0.56048174202442,0.12365591153502,-3.6072152480483,1.7968750298023,2.0131942927837,1.7777809202671,0.92823474109173,0.18848297558725,0.11752700060606,1.1447103321552,1.4626296833158,0.070064490661025,0.61213877797127
0.027804750017822,0.34367079287767,0.38347190618515,0.70091721601784,0.1292377486825,-3.23914222419262,1.7910149991512,1.9542629718781,1.4605785906315,1.0022428482771,0.12983234971762,0.33644700050354,0.43149572610855,0.34780198335648,0.096625877544284,0.57871054112911
0.024267139844596,0.3627335652709,0.37906696647406,0.49553187098354,0.1250964384526,-0.836120896041396,1.7802740335464,2.0592589378357,1.2827382981777,2.129580527544,0.1290619596839,0.19315099716187,0.27946418896317,0.34636580199003,0.06162225920707,0.52224811911583
0.024311180226505,0.38095749169588,0.25965265929699,0.4232674986124,0.12606102973223,-0.21386466175318,1.7666019797325,3.2761552333832,1.518806874752,2.4448353052139,0.33251139521599,0.093656000681221,0.52693080157042,0.34622150659561,0.042121919803321,0.56991109251976
0.028727049473673,0.3697837293148,0.43588287383318,0.39830063143745,0.12965902872384,0.290092432551314,1.7695319652557,2.128580302,3.2486135363579,2.4749400019646,0.36624968796968,0.08013500040397,1.6695624440908,0.34260134398937,0.058813660405576,0.59734861552715
0.024533900432289,0.48330696672201,1.1610860973597,1.112256731838,0.12322914041579,0.35342464596033,1.794921964407,1.3896693885326,3.875133395195,2.4943986535072,0.2234026864171,0.49248898634687,1.9545519948006,0.34493700414896,0.084079148247838,0.61057509481907
0.023967939894646,0.54581831395626,1.3657922744751,1.4875817596912,0.1267530284822,0.34202241897583,1.8027350008488,1.4138126671314,3.7413112521172,2.4670540690422,0.21196319162846,0.10562299797311,1.8136757314205,0.34757167100906,0.12664095126092,0.67135195434093
0.024395410437137,0.66057574748993,0.94516481459141,0.78626914322376,0.14370758272707,0.33851283788681,1.767578035593,1.4147769510746,3.4113427996635,2.4458238482475,0.21007531881332,0.093126001767814,1.6780554652214,0.34383637458086,0.049987788777798,0.58891360461712
0.024002869613469,0.51178572326899,0.31721676141024,0.44533473625779,0.15907091274858,0.28457358852029,1.7919920086861,1.4152531027794,3.5478672385216,2.5028373599052,0.147803992033,0.073839001823217,1.6668747961521,0.34596563130617,0.12814172357321,0.64893828332424
0.023559579625726,0.4987158626318,0.33328846842051,0.40452389419079,0.12432580813766,0.17608091235161,1.8027339875698,1.405792504549,3.7014765739441,2.5192307829857,0.12716032005847,0.071280000265688,1.978141695261,0.34775527566671,0.052242399193347,0.62284384667873
0.023580209817737,0.46388352662325,0.2130261734128,0.4068729816936,0.12534644082189,0.20141489803791,1.7958980202675,1.4253912568092,3.5296147465706,2.531659424305,0.12829072959721,0.070892001967877,2.392006456852,0.34691549092531,0.051854710094631,0.59886452555656
0.023888669908047,0.28631683439016,0.27168246358633,0.29151290189475,0.12728231027722,0.16924890689552,1.7841790020466,1.3799594640732,3.4518955945969,2.5392076969147,0.12703176215291,0.080217001028359,2.4237543940544,0.3446317538619,0.051799760200083,0.66087467968464
0.023835979867727,0.20436713472009,0.23747085779905,0.53097579116002,0.12734612822533,0.20607364177704,1.7978519797325,1.4368800222874,3.5414572954178,2.4991138577461,0.12721299938858,0.10396300069988,2.4946621060371,0.34662391990423,0.051623459905386,0.59039857983589
0.023876749910414,0.20198791101575,0.23605811968446,0.71790682338178,0.12869582884014,0.16596515104175,1.7792969942093,1.398866891861,3.5048516392708,2.4483135938644,0.12634313106537,0.12299600057304,2.3614707589149,0.34462197870016,0.05171327944845,0.62683999538422
0.026027400046587,0.24167110398412,0.27842954546213,3.9724825024605,0.12481033988297,0.223949030973017,1.7617189884186,1.7643659710884,3.3944070339203,1.3656738251448,0.12525895982981,0.080663000233471,1.3082107305527,0.41711527109146,0.051686219871044,0.59702397882938
0.027882259804755,0.29473593458533,0.42152781039476,4.3111255764961,0.12288045883179,-0.182422786951068,1.7675789892673,4.0308544933796,5.3133779764175,1.0347956120968,0.28550026938319,0.086024001706392,0.73437407612801,1.3716330230236,0.1243420606479,0.55568294227123
0.024197759572417,0.31832004711032,0.46194872260094,3.3790811300278,0.1288731098175,1.63360103964801,1.7695309817791,4.8769953846931,19.256586074829,8.9503320455551,0.14618130028248,0.25650799274445,3.7915855050087,5.2571331858635,0.061686169356108,4.3955055773258
0.02400188986212,0.26817660033703,0.34175781160593,2.8593510687351,0.12263445928693,-1.02108021080495,1.7832019925117,5.4455325603485,19.181187868118,9.4172393083572,0.12691459618509,0.65020399540663,4.8206334114075,6.1143241524696,0.033878088928759,5.0033053159714
0.024511130526662,0.18448426946998,0.40436802059412,2.7021092772484,0.12793166004121,-4.27753325179219,1.7617189884186,6.0442507266998,20.993856906891,4.3439611196518,1.1563262715936,0.45911701396108,4.7273516654968,6.5835998058319,0.035749009810388,4.908238530159
0.024617339950055,0.17912234738469,0.31662403047085,3.3775624632835,0.12597722373903,-6.01879282668233,1.7587890326977,5.2453649044037,18.204895734787,8.106346487999,0.59505152143538,0.071239999495447,4.1498967409134,5.8919529914856,0.040704780258238,4.5957064628601
0.024432749953121,0.17491307854652,0.33518069237471,2.2713535428047,0.12298093922436,-7.26897862553596,1.7646489739418,5.1731013059616,16.731915473938,8.8699536323547,0.549860060215,0.23007400240749,4.631352186203,4.9861170649529,0.066258039325476,4.0399609804153
0.029013789258897,0.18030825257301,1.4134220182896,2.3176882863045,0.1283532679081,-7.50197164714336,1.7792969942093,3.3919447660446,17.484870910645,4.5371718406677,0.15321001037955,0.066720000002533,3.7040476799011,3.3580415844917,0.044517650268972,3.9408991336823
0.026032410096377,0.17947224900126,0.44101084023714,1.7434216737747,0.12397881783545,-7.12026130408049,1.7714850306511,2.4677132368088,5.6873239278793,2.3097655773163,0.13624035194516,0.15680099837482,2.7223185896873,1.3788674175739,0.047237389720976,2.1743125617504
0.028629949316382,0.18948130309582,0.41171072423458,1.0260937064886,0.12423546053469,-5.89173298701644,1.7851560115814,2.0683525204659,4.370919585228,0.59971365705132,0.13929411023855,0.078722001984715,1.9777289927006,1.2241780161858,0.043909300118685,1.4435916244984
0.024972309824079,0.31974945217371,0.24840326234698,0.54575427528471,0.12954265810549,-4.82834246382117,1.7783199846745,2.068797826767,1.6548555791378,0.98257385194302,0.11916594021022,0.12942099943757,0.72198443114758,0.96717710793018,0.086097639985383,0.95983608067036
0.02454135986045,0.23525894060731,0.33349151909351,0.81458643078804,0.12452882900834,-3.34803573414683,1.7783189713955,1.9904166460037,1.036831125617,0.86896751821041,0.12036260962486,0.10507199913263,0.46741162240505,0.33615630120039,0.10033351927996,2.6493861079216
0.028655509930104,0.36754012852907,0.35288469493389,0.38300193473697,0.1282754689455,-1.25381553918123,1.7724599838257,2.1952847242355,1.2468689382076,2.0811486244202,0.12287473119795,0.14495499804616,0.32961947470903,0.33674697577953,0.084657989442348,2.4853591918945
0.26686698384583,0.35509911179543,0.47766494750977,0.35756222484633,0.12667906284332,-0.173299010843043,1.7753899991512,3.0955593585968,1.0943602770567,2.4221053123474,0.12035906687379,0.12525100074708,0.27980004623532,0.33235669136047,0.041876839473844,1.5596410185099
0.023856570012867,0.3904440626502,0.42395651340485,0.37581548560411,0.12295774742961,0.280194369726819,1.7792969942093,1.6086302995682,3.1896388530731,2.4201674461365,0.12097157165408,0.09148199763149,1.621574729681,0.33134155720472,0.42845678701997,0.73584659397602
0.023471280466765,0.95436979830265,0.6262491941452,0.34969857428223,0.12910270132124,0.44876804202795,1.7998040020466,1.5900957882404,3.6844391822815,2.4806750416756,0.12329120002687,0.47014498896897,2.0254521965981,0.33289133757353,0.083760851994157,0.73701417446136
0.023746270220727,0.70563945174217,0.74430608004332,1.1040319427848,0.12766899168491,0.44815009087324,1.7646479904652,1.5527536273003,3.4631038308144,2.4394069314003,0.12066931650043,0.14086200296879,1.6575028300285,0.33191490918398,0.037435749545693,0.70228417217731
0.024289630353451,1.1028578132391,0.94454954564571,1.0546663179994,0.12709324061871,0.38549980148673,1.7910160124302,1.4697691202164,3.7476193904877,2.4650158882141,0.22749322466552,0.13049899972975,1.8484840989113,0.33319488912821,0.094432200770825,0.77628839015961
0.02435483969748,0.33781558647752,0.36266499012709,1.1167586147785,0.12999934889376,0.2525398209691,1.805664986372,1.5811367630959,3.5158180594444,2.4095569252968,0.12467641197145,0.081791999284178,1.7062278687954,0.33440162986517,0.1097359713167,0.63918823003769
0.02317828964442,0.25552989542484,0.23294307664037,0.61936102062464,0.14028832875192,0.20535820163786,1.7929679751396,1.421688169241,3.8222683668137,2.4357344508171,0.12278444133699,0.0738589996472,1.6838845312595,0.33504244685173,0.052085069939494,0.68069498240948
0.022944139782339,0.23967848345637,0.34130681306124,0.37867220584303,0.15384463220835,0.17311285063624,1.7871100306511,1.6054114699364,3.3464722633362,2.4811038970947,0.12615864165127,0.070276999846101,1.8206036686897,0.33519865572453,0.051563080400229,0.66440445184708
0.022780530154705,0.2248112782836,0.26226629316807,0.57211135653779,0.12380596250296,0.20696569979191,1.7958989739418,1.419297516346,3.7615350484848,2.4579061865807,0.12551585026085,0.066092000342906,1.6910675764084,0.33511780202389,0.051584450528026,0.63695381581783
0.022929619532079,0.21951796114445,0.26667013019323,0.50680000754073,0.1303549837321,0.22964762896299,1.8037109673023,1.5891658067703,3.472223341465,2.4449381828308,0.12276520952582,0.066007999237627,1.6573047041893,0.3322506994009,0.051315659657121,0.71916911005974
0.022983130067587,0.21760096028447,0.24478695169091,1.0113068930805,0.12582512199879,0.20317079126835,1.7880849838257,1.4058105647564,3.5424820184708,2.4547743797302,0.12097087129951,0.10250200144947,1.809541374445,0.33316572010517,0.051485040225089,0.63221108913422
0.032296260353178,0.25436559692025,0.22206785157323,3.804944217205,0.12324692122638,0.177594189532104,1.7568349838257,1.9081159234047,3.6974425315857,1.2511048465967,0.12041132897139,0.13590600527823,0.91340606659651,0.33297882974148,0.051154900342226,0.63152661919594
0.025321700144559,0.26586716622114,0.85568483918905,4.4678137302399,0.13012125901878,0.734761185944117,1.774414986372,2.0000920295715,5.0757553577423,0.93837787210941,0.1207748670131,0.13448099792004,0.43310940265656,1.360219180584,0.074360649101436,0.65237207710743
0.023168100044131,0.20073928311467,0.75896865129471,3.2602378129959,0.12298204004765,-0.74282157421112,1.7783200442791,2.0699222683907,18.612260460854,0.99837118387222,0.11609837971628,0.20614899601787,1.6524583101273,5.5955179929733,0.19138067215681,3.8650463223457
0.02319651003927,0.19962725788355,0.44112393260002,4.1686814427376,0.12508579157293,-3.27751759439707,1.7714839875698,1.9836866259575,20.676843881607,0.63811640441418,0.11625412851572,0.68290600925684,2.6297749876976,5.1254267692566,0.054016650654376,3.5908018946648
0.017152819782495,0.15183953940868,0.21949769929051,3.2127425074577,0.094769548624754,-3.72285155579448,1.312501013279,2.2957244515419,17.834562778473,1.2674186527729,0.097878398373723,0.11979599809274,1.9599522948265,4.1781952381134,0.023706830572337,3.2480075359344
0.022741879802197,0.20315542072058,0.32812378183007,3.8320260047913,0.12422604858875,-6.29965912550688,1.7607420086861,3.2128278613091,17.080898046494,1.3764919042587,0.12279903888702,0.092722000554204,3.9440357685089,5.2102879285812,0.036829990334809,2.3781107366085
0.022424590308219,0.20248858258128,0.27847905084491,3.495935857296,0.12727947719395,-7.17873650044202,1.7998040020466,2.6234922409058,15.293887615204,0.92861032485962,0.12356183119118,0.067862000316381,4.7308579683304,4.9583588838577,0.051863459870219,2.6442324519157
0.025879390072078,0.20259870961308,0.3353058770299,2.3946535885334,0.12447999976575,-7.58149351552129,1.7998040020466,2.0528573989868,14.865617752075,0.91965885460377,0.12424015253782,0.064909000881016,5.1723055839539,4.1215888857841,0.067090870812535,3.1803012490273
0.024495599791408,0.20099930092692,0.35555730760098,2.0317736268044,0.12310486845672,-7.49923758208752,1.8105469942093,2.1086101531982,5.5677689313889,0.97866310179234,0.12419804930687,0.087616998236626,3.1196487545967,1.2079559117556,0.07267278060317,1.920548081398
0.023478030227125,0.29121048003435,0.32691755890846,1.2034719958901,0.13114841096103,-6.30750920623541,1.7675789892673,2.0606253743172,4.5867658853531,0.94088105857372,0.11842172965407,0.10870100185275,3.0134730935097,0.84472021460533,0.071268750354648,0.76020592451096
0.022890060208738,0.37015138566494,0.41231255233288,0.57642164640129,0.12254490889609,-4.65815272927284,1.7978520095348,2.0471315681934,2.2154474854469,0.9359238743782,0.11879876628518,0.12364600226283,1.2616572901607,0.76394084095955,0.10186533257365,0.64574058353901
0.023075399920344,0.26890419051051,0.3692861199379,0.79573666490614,0.12627602927387,-3.52828066423535,1.7929690182209,2.097803413868,1.1575750261545,0.98781330883503,0.11742092110217,0.12926900014281,0.36122601479292,0.33648152649403,0.13451947271824,0.60610157251358
0.023067600559443,0.25980273634195,0.36025719344616,0.32479915395379,0.12905990146101,-1.48388584703207,1.7783189713955,2.0331835746765,1.0026903599501,2.0788397490978,0.118029108271,0.10744800046086,0.35998211801052,0.34102939069271,0.054522690363228,0.52906587719917
0.77195177972317,0.2580832913518,0.46615321189165,0.34089482622221,0.12372587248683,0.0325197428464935,1.7626959979534,1.8506298065186,1.0279988646507,2.3640521764755,0.11645368859172,0.081280999816954,0.283592492342,0.33408964425325,0.084621848538518,0.60500195622444
0.030400819610804,0.32516535371542,0.53515192121267,0.40901193441823,0.12878892943263,0.408009469974782,1.7841789722443,1.4829664826393,2.797472178936,2.6189795136452,0.11648600921035,0.084527000784874,1.668736115098,0.33405559509993,0.067742529325187,0.62996922433376
0.029153880197555,0.46987356245518,0.54926262050867,0.43570635095239,0.1248331386596,0.41496606171131,1.8046869933605,1.6435266137123,3.5290939211845,2.5944143533707,0.11964208073914,0.14318100269884,2.0444107353687,0.3421964943409,0.076257229782641,0.62921893596649
0.02843894995749,0.59110608696938,0.83753137290478,1.6379827708006,0.12500777281821,0.4589960873127,1.7900380194187,1.4482003748417,3.7679827213287,2.4586082696915,0.12204925902188,0.085355999879539,1.675894767046,0.33834768086672,0.080391829833388,0.72060336172581
0.028132759965956,0.35738255083561,0.57137948274612,0.9026475995779,0.13153046369553,0.40179140120745,1.7871090173721,1.6306866109371,2.9676551818848,2.4790335893631,0.12581635825336,0.086248999461532,1.8155758082867,0.33664857596159,0.12816686742008,0.62693776190281
0.028601080179214,0.22258492186666,0.46983422338963,0.77654945198447,0.12337156943977,0.2098217010498,1.796875,1.4965277910233,3.5460830330849,2.4519510865211,0.12652427889407,0.079672999680042,1.7119133770466,0.33653379231691,0.047433269675821,0.67692884802818
0.023577290587127,0.21607571467757,0.44181746244431,0.5582967735827,0.12822472862899,0.21077481657267,1.7939450144768,1.6183425188065,3.722312271595,2.4036340117455,0.12348569743335,0.064038000069559,1.669136762619,0.33713853359222,0.031349979806691,0.67859244346619
0.023124560248107,0.19624029099941,0.46926271170378,0.48790479265153,0.12644074857235,0.21295146271586,1.7939460277557,1.495759755373,2.9765867590904,2.4673835635185,0.1208109408617,0.066031000111252,1.8141941130161,0.33626718819141,0.031680670566857,0.62711599469185
0.023161810357124,0.18193933740258,0.3788640871644,0.35977473948151,0.16312334127724,0.18146526813507,1.7861329913139,1.5940102934837,3.6656699180603,2.4499103426933,0.1214859392494,0.069384001195431,1.6992852687836,0.3445213586092,0.031787659041584,0.7021608799696
0.023221270181239,0.17843519896269,0.46390673518181,0.49818112142384,0.13808636926115,0.2050544694066,1.7900400459766,1.5218050479889,3.7586686015129,2.4868849515915,0.12098588980734,0.10401899926364,1.6493027210236,0.33746383339167,0.031784609891474,0.6385153234005
0.023160789627582,0.18034467101097,0.22141802310944,0.80592056363821,0.12612024135888,0.23274943605065,1.7753909826279,1.5417287051678,2.891753911972,2.4539321660995,0.11915068887174,0.12764899805188,1.8230642974377,0.33617404848337,0.032682449556887,0.63810138404369
0.024532820098102,0.22157295793295,0.20443702116609,3.6161522269249,0.12928191013634,0.263427998870613,1.7724609971046,1.9060035049915,2.7982597351074,1.3094419389963,0.16446839086711,0.086367000825703,0.88811478018761,0.3323440849781,0.031677198596299,0.64223447442055
0.028707940131426,0.28959358483553,1.2106651291251,4.5536968111992,0.1266769412905,-0.164133265614506,1.7705080211163,3.7987810969353,4.6411591768265,1.1634314507246,0.15771604795009,0.096417000517249,0.45618207752705,1.0381060391665,0.077885918784887,0.60952037572861
0.023713080212474,0.13780758157372,0.9749341905117,4.6362619400024,0.12886048853397,-1.18747248873115,1.7636719942093,4.2604775428772,16.753088831902,6.973584830761,0.13211657851934,0.12935700267553,1.5719068646431,5.870893061161,0.12888712249696,3.3161428272724
0.011741199996322,0.070693038403988,0.19775028526783,1.8051177859306,0.05923717841506,-1.36538865044713,0.87695300579071,2.5026755332947,12.199766159058,4.4787296056747,0.069563508033752,0.59809400141239,1.4538680911064,3.0838483572006,0.079420059919357,2.6006853580475
0.024522040039301,0.13864159025252,0.45483608543873,2.6628324985504,0.1249837372452,-5.09118711575866,1.8037109673023,3.7512660622597,20.170260667801,10.438997745514,0.12198078911752,0.81783402338624,3.3772692084312,5.7658787965775,0.32017629593611,2.6188793182373
0.023878820240498,0.13834831863642,0.49356261640787,3.3996025919914,0.12733680009842,-6.6026506125927,1.7851569950581,4.7972200512886,21.257460594177,11.029237985611,0.12083435244858,0.76526598632336,4.0566836595535,5.7568411827087,0.65436040610075,2.1400797069073
0.023509450256824,0.13642118126154,0.42780683189631,4.0135898590088,0.12283203005791,-7.00889867171645,1.7666009962559,3.6070708036423,18.246838331223,11.95266866684,0.10692050028592,0.12149100005627,3.4049034714699,5.3210281133652,0.71410781145096,3.2671692967415
0.023583939764649,0.13887184858322,0.28329342976213,2.4598662853241,0.12773180380464,-7.51775731146336,1.8105460107327,3.52140635252,16.504879713058,9.492599606514,0.10988241340965,0.10795900039375,4.354131102562,3.0677783489227,0.51529043354094,2.3094009459019
0.027510869782418,0.13866450078785,0.43552716821432,0.50776464492083,0.12534133903682,-7.00356692820788,1.7988270223141,2.5751229524612,8.7498973608017,3.3399054408073,0.12002849020064,0.2910949960351,2.9053656458855,1.1484189331532,0.0701196603477,1.889353364706
0.027600939851254,0.1641119197011,0.90635359659791,0.4781193099916,0.12274390086532,-3.1728939935565,1.8085940182209,2.3283697366714,3.946622133255,1.4262561500072,0.12220781110227,0.14738499931991,0.48174411803484,2.8032872676849,0.073566190898418,0.80333469808102
0.023641860112548,0.23172806203365,1.1063791289926,0.57348779216409,0.17601511254907,-3.61048502102494,1.8046880066395,2.1773952841759,2.4775928854942,1.0636861622334,0.12334619089961,0.13314699940383,0.38618193566799,2.2107502222061,0.045089619234204,0.62282826006413
0.025787800550461,0.26127617806196,0.35127952694893,0.86105336248875,0.34416804462671,-2.42157177813351,1.7890610098839,2.1014474034309,1.5177139043808,1.0127455145121,0.12606807984412,0.12160199694335,0.40412791073322,0.35028323531151,0.048726059496403,1.217325180769
0.025028730276972,0.2776582762599,0.48690497875214,0.43962767720222,0.1401968896389,-49718.0008803159,1.7626960277557,2.2542343735695,1.1344313621521,2.1474647223949,0.13038941845298,0.17442800477147,0.40862329304218,0.33718270808458,0.036685299593955,2.1335316896439
0.017316600307822,0.42657332867384,0.54976736009121,0.3847546800971,0.12972399219871,-0.342765774577856,1.7587890028954,3.9674174189568,0.92690177261829,2.4542721509933,0.12277778051794,0.16629099845886,0.30723407864571,0.33856581151485,0.042136920150369,2.1237955987453
0.019227519631386,0.63335637748241,0.42061649262905,0.32525381073356,0.12306960858405,0.349770870059726,1.7802729904652,2.4216602444649,3.0681571960449,2.4420868754387,0.11777828074992,0.18745099753141,1.3171317353845,0.54389743506908,0.049381660297513,0.71684703230858
0.019955440424383,0.69501756131649,0.57602448761463,0.38894184306264,0.12877178192139,0.32375794649124,1.8017580211163,1.5708055198193,3.8181455731392,2.4922026991844,0.11765796691179,0.15956500172615,1.7709117233753,0.58544988185167,0.21798236947507,0.5753081291914
0.016431380063295,0.68273324519396,0.37117103487253,0.59947826713324,0.12950601056218,0.26787460967898,1.805664986372,1.4908769130707,3.450449347496,2.5423104763031,0.11887365020812,0.14494599960744,1.6718198657036,0.33867380023003,0.14382114168257,0.66303117573261
0.016218489967287,0.58847756683826,0.31821356713772,0.68532948195934,0.12369751743972,0.30398331955075,1.786131978035,1.6287241578102,3.6799206137657,2.4942342042923,0.11818232387304,0.15793600305915,1.8219022452831,0.34082360565662,0.055818208493292,0.61667612195015
0.016042749863118,0.60754427313805,0.36543037742376,0.39014022797346,0.13067734800279,0.25091711804271,1.7851550281048,1.461000919342,3.818369448185,2.520788371563,0.1210553124547,0.13570200279355,1.7896102964878,0.33989222347736,0.057554269209504,0.64594241976738
0.015447980025783,0.53815807402134,0.25450352579355,0.3624270260334,0.12370429001749,0.15397067181766,1.796875,1.6312138736248,3.4593116641045,2.5110799670219,0.1263330578804,0.099168999120593,1.6825822293758,0.33898777514696,0.048702710308135,0.69949024915695
0.015349470078945,0.2027631290257,0.34409710764885,0.47643603384495,0.12740546092391,0.19595135748386,1.7773439884186,1.6037959456444,3.5871542096138,2.4642986059189,0.12851956114173,0.08370800036937,1.7784420251846,0.3385344222188,0.053127969615161,0.62672504782677
0.015206820098683,0.17931110039353,0.2763529792428,0.47956885397434,0.12889656797051,0.18629051931202,1.8066399991512,1.5413799285889,3.7930389642715,2.4940569400787,0.127516169101,0.076559000182897,1.7814605236053,0.33933187276125,0.05118384025991,0.69811426103115
0.01517226989381,0.21887814253569,0.25142000615597,0.63095503300428,0.12360961735249,0.16378015838563,1.7802729904652,1.6652046144009,3.4783484339714,2.5355187654495,0.12136843241751,0.079044999554753,1.6729969084263,0.33915995061398,0.051215609535575,0.64559262990952
0.015094120055437,0.21539938077331,0.25630642473698,0.76604839600623,0.16280875727534,0.19685016945004,1.7734369933605,1.5112008452415,3.5468880534172,2.5330461263657,0.1226195525378,0.081585001200438,1.7440904378891,0.33892023563385,0.05110708065331,0.64194138348103
0.015059479977936,0.20240877568722,0.22061082534492,0.39340306678787,0.13337277062237,0.150139663368464,1.7890630364418,2.0549718439579,3.8436586260796,1.357266664505,0.11935319937766,0.064565998036414,0.95646976679564,0.33756376802921,0.051421268843114,0.65854580700397
0.016599740134552,0.18203261122108,0.27510997280478,0.36324376612902,0.13397611118853,-0.279887683689596,1.756836026907,2.1554931998253,1.5654693543911,1.0235032439232,0.1246417760849,0.063481000252068,0.27470731735229,0.33650697022676,0.052480090409517,0.53226758539677
0.029097710037604,0.17959869652987,0.28581082820892,0.36682248255238,0.12487617880106,-1.36530920118094,1.7578120231628,2.1405813097954,1.0406063348055,0.8857391923666,0.12066227756441,0.067092999815941,0.39067838340998,0.33505150675774,0.057329439558089,0.59737907350063
0.0171202798374,0.95161193236709,0.58183514326811,0.36678407806903,0.12697033025324,-3.47020877152682,1.7617189884186,2.1599591374397,1.1860988438129,0.96458941698074,0.12098436057568,0.088326999917626,0.34474229812622,0.3338096216321,0.05608621891588,0.59311643242836
0.016968680080026,1.0380383580923,0.43780528753996,0.5863923584111,0.12606433033943,-5.38131976127625,1.7734370231628,2.1585792899132,1.1512898653746,0.99102278053761,0.11956434138119,0.10582099854946,0.29388516023755,0.33347153663635,0.1015641503036,0.54055942595005
0.015404009493068,0.2661052942276,0.37855818867683,0.64512810111046,0.12326885946095,-6.75210148841143,1.8027330338955,2.1396923065186,0.99287773668766,0.98574358224869,0.1256854776293,0.12813199684024,0.37576550990343,0.3352367207408,0.098974838852882,0.64000779390335
0.015629560453817,0.73961501196027,0.3130861595273,0.36393865942955,0.12936113774776,-7.38770176097751,1.8144530057907,2.1247496902943,1.0518853068352,1.0251438766718,0.1279689501971,0.088102997280657,0.39035782963037,0.33842188119888,0.68872580677271,0.55531205236912
0.015770949888974,0.12209751084447,0.3406792357564,0.35300921648741,0.12287968955934,-7.39314426481723,1.8125000298023,2.1752527356148,1.1662998199463,0.98212637007236,0.12613863311708,0.071239000186324,0.28543491661549,0.33823268860579,0.55874713696539,0.58919590711594
0.018442030064762,1.1013905070722,0.35331017524004,0.35776755958796,0.12707830034196,-7.35783686488867,1.8007800281048,2.1064836382866,1.0743952691555,0.99238665401936,0.17377102933824,0.060808000154793,0.37975557148457,0.33922468870878,0.082784550264478,0.6105722039938
0.015248930081725,0.35493548959494,0.24146866425872,0.35853173583746,0.12585124187171,-6.21749141067267,1.8134759962559,2.2114287614822,1.1669918745756,0.93551585078239,0.17752261087298,0.074872999452055,0.40585254877806,0.33665322512388,0.13406749814749,0.54708117246628
0.015347019769251,0.43756356090307,0.43008618801832,0.61816940456629,0.12332010082901,-4.86149355396628,1.7822249829769,2.153990983963,1.0246224552393,1.0217135846615,0.13249053061008,0.079481998458505,0.30307057872415,0.34005609899759,0.10760396905243,0.6367447078228
0.015191820217296,0.48018217086792,0.36045245826244,0.67097871005535,0.13205716945231,-3.50244528613985,1.7744129896164,2.1621789336205,1.3134038448334,0.99156418442726,0.11351665109396,0.075319000054151,0.32311308383942,0.33742135763168,0.10985453985631,0.57384641468525
0.015237429644912,0.455870449543,0.42307340353727,0.384267359972,0.12622259743512,-1.23575767874718,1.7529299855232,2.1542637348175,1.0545047819614,1.5566569268703,0.11173383146524,0.062912999652326,0.42049448937178,0.33803541958332,0.091892631724477,0.58428047597408
0.015123229939491,0.69482059776783,0.51907213777304,0.53729793615639,0.12597862817347,0.445845121517777,1.7480469942093,1.7790829241276,1.299934387207,2.3770871758461,0.13365068845451,0.06209799926728,0.3193811327219,0.34021773934364,0.038284660317004,0.62964941561222
0.015236020088196,0.58075544238091,1.3809483125806,0.32917608134449,0.12739432789385,0.45262741297483,1.7822259962559,1.5771068632603,3.4823014140129,3.080550044775,0.12888455949724,0.072136000264436,1.1344236731529,0.33863252401352,0.069915608502924,0.586839646101
0.015335639938712,0.48957926034927,1.5607561022043,0.44712215662003,0.12526725977659,0.23183923214674,1.8017580211163,1.5462953448296,3.4388344287872,2.9936735033989,0.11827398091555,0.08235000167042,1.8199315965176,0.33724105358124,0.10019501112401,0.717419475317
0.015493089798838,1.1610413342714,0.97508570551872,3.1473262906075,0.12994666025043,0.33221118152142,1.7841789722443,1.5581278204918,3.5738206505775,2.8812553286552,0.11754887923598,0.10109400283545,1.7341402471066,0.33770436048508,0.13674951344728,0.66563242673874
0.015704659977928,0.76100528240204,0.44301030784845,1.6072628446855,0.12509613111615,0.29085220396519,1.7900390326977,1.6620447039604,3.7183195948601,2.5317718982697,0.11882578209043,0.077696000225842,1.6703794300556,0.3401048257947,0.089483959600329,0.64668184518814
0.015557270031422,0.50234115868807,0.33185388147831,0.47185593470931,0.12672907859087,0.30771137028933,1.8007810115814,1.5045905709267,3.457566678524,2.511734187603,0.12026694789529,0.078858999535441,1.8321035802364,0.34040872007608,0.11745812185109,0.72045390307903
0.015209350036457,0.48907616734505,0.37067875266075,0.41524964570999,0.13075637072325,0.19792356714606,1.7910149991512,1.6664278209209,3.650101006031,2.5532643795013,0.11996182054281,0.11803000047803,1.9456725418568,0.3405274823308,0.048986771143973,0.63887199759483
0.01518797990866,0.36065001413226,0.37955161184072,0.38856646418571,0.1263515483588,0.17161455750465,1.7871100306511,1.6285932660103,3.8006615042686,2.4957255721092,0.12921130098403,0.099269999656826,2.4134119153023,0.33677946031094,0.031384289264679,0.68896828591824
0.015161979710683,0.22925658896565,0.23131895065308,0.38478335784748,0.12777156941593,0.18173813447356,1.7910160124302,1.5686080753803,3.5998074412346,2.4749705195427,0.1289058085531,0.084989000111818,2.5366428494453,0.33828399330378,0.034447819925845,0.66807541251183
0.015188219724223,0.22336247935891,0.32217768579721,0.57381223235279,0.13098439946771,0.19893404841423,1.7978519797325,1.6874938905239,3.7883597612381,2.5102974772453,0.12765767984092,0.082496999297291,2.4397554993629,0.33787185698748,0.031741709448397,0.63122047483921
0.01524066994898,0.21846919134259,0.26167791709304,1.5587637573481,0.12511860951781,0.16955092921853,1.7880859673023,1.4911345243454,3.8267965316772,2.4992751479149,0.12149371020496,0.077613000757992,2.3607774376869,0.33711945265532,0.031723159365356,0.72617891430855
0.015188259771094,0.22273175045848,0.26713237911463,3.80779337883,0.13094575889409,0.164867762476204,1.7958980202675,2.0441836118698,3.5601541996002,1.3771400153637,0.11997245065868,0.064604999497533,1.1854542791843,0.33725793659687,0.031938530504704,0.55635030567646
0.015088580083102,0.44256473332644,0.23735313117504,4.6732658147812,0.16212604753673,-0.209830695763232,1.7646479904652,2.1910783052444,1.6505655497313,0.97502164542675,0.11813591979444,0.089230998419225,0.34697999805212,0.3345021083951,0.038015100173652,0.60384526848793
0.015140920178965,0.63989135622978,0.4579074010253,4.2099633216858,0.134530948475,-1.36997423693538,1.7646479904652,2.1273808479309,1.0953888744116,1.0163872539997,0.1189162004739,0.070930002722889,0.27787611633539,0.33560495823622,0.053581900894642,0.59308801591396
0.015255669830367,0.94750119745731,0.4424386061728,3.3539065718651,0.12640566192567,-3.29942672420293,1.758789986372,2.1814525127411,1.0272871702909,0.87722277641296,0.11809100024402,0.080289000179619,0.37986002862453,0.33645235747099,0.042495608795434,0.54240524768829
0.015575499739498,0.66638799756765,0.29172036796808,3.5010014772415,0.12429490871727,-4.69243999570608,1.786131978035,2.1114183366299,1.1162382662296,0.98183998465538,0.11906363070011,0.078240000177175,0.35929071903229,0.3387188538909,0.034662090241909,0.64206445217133
0.015236390056089,2.1246497482061,0.4049119502306,3.321280837059,0.1291168499738,-6.3831090386957,1.7783199846745,2.2099739909172,1.1618604660034,1.0075617283583,0.1204311195761,0.30109500233084,0.27823695540428,0.33856573700905,0.05319545045495,0.55103775858879
0.015287310350686,1.6013259589672,0.3543561771512,3.222135424614,0.12323132157326,-6.64342145808041,1.7656240165234,2.1033545136452,0.9988077878952,0.98028829693794,0.12563096173108,0.50939598679543,0.3699339479208,0.38234490156174,0.074221240356565,0.59297400712967
0.015236649895087,0.54561558365822,0.88596833497286,3.7409343123436,0.12851007468998,-5.98725057020784,1.7734379768372,2.1927708983421,1.1074519455433,1.0122866630554,0.12859668582678,0.072089998982847,0.39765045791864,0.38330391049385,0.068734901025891,0.60937969386578
0.015478839864954,0.76318871974945,1.3035103008151,2.1048144102097,0.12599501386285,-6.14343271404505,1.7958979904652,2.1331086158752,1.2100582122803,0.98623430728912,0.12527427263558,0.23961299657822,0.30330556631088,0.37802024185658,0.069070210680366,0.54322049021721
0.015429359860718,0.9453602284193,0.33596117049456,0.44289884809405,0.12333559058607,-5.12872801721096,1.7861320078373,2.2153977751732,1.0385008454323,1.0140099823475,0.12231221795082,0.11178199760616,0.35872761905193,1.1684549152851,0.067362889647484,0.72596244513988
0.015563730150461,0.37014541774988,0.34920380264521,1.0081488490105,0.12987281009555,-2.87868530303239,1.7939460277557,2.1675770282745,1.1901875138283,0.91974766552448,0.12090081907809,0.12116799876094,0.39589528739452,0.68455853313208,0.069052770733833,0.64799991250038
