29,31,32,33,1,36,11,14,23,17,12,10
0.024513700511307,0.17352590337396,0.29403647780418,5.9578804969788,-6.70899241231382,1.7626950144768,7.2836991548538,13.602149486542,0.13104231655598,4.1215859651566,6.3309180736542,0.58367726206779
0.024223799817264,0.16573291271925,0.27871881052852,4.1849988102913,-7.54018119350076,1.7578130364418,4.1154302358627,11.621309280396,1.1635808832943,4.3662430644035,5.9382628202438,0.53928366303444
0.024265420157462,0.16061386093497,0.24830628931522,4.4667050242424,-7.86992353200912,1.7646489739418,3.6721658110619,9.0332365036011,0.88684516400099,5.7628029584885,4.4618715643883,0.63239549100399
0.028001600410789,0.15771400928497,0.8004541695118,1.8184711486101,-3.79740557260811,1.8037109971046,2.2095445990562,3.307345315814,0.074039151892066,3.1217803955078,0.88404160737991,0.60968996584415
0.024996140506119,0.15546254068613,0.35298079624772,3.7481785044074,-372361.43665202,1.7753899991512,1.9472820162773,0.95023584365845,0.0483428100124,2.163926422596,1.5790697038174,0.56046169996262
0.025250010192394,0.62495540082455,0.30833061039448,1.4740540087223,-5.00656191259623,1.8066399693489,1.5746222138405,0.94413229823112,0.10492440592498,0.98389191925526,1.9925971925259,0.64309404790401
0.025304730515927,0.21957605704665,0.36017508804798,1.3076322078705,-2.7277889996767,1.8027350008488,1.3749184012413,0.92701782286167,0.058933699503541,0.33987749740481,0.30238573253155,0.50633756071329
0.030240369960666,0.21408031880856,0.29985079169273,1.2654031151906,-1.51518499106169,1.7890630066395,2.3423973917961,1.9944258630276,0.051388650201261,0.38321355730295,0.30100450664759,0.54813112318516
0.024888489861041,0.36796917021275,0.3340912014246,1.3531932630576,0.00545547902584273,1.7958990037441,1.8577472269535,2.4095984101295,0.11148961726576,0.52976527065039,0.29894414544106,0.57090909779072
0.024480920284986,0.32481740415096,0.28034629300237,2.4770150184631,0.61832647025585,1.8105470240116,1.3529311716557,2.4046356081963,0.30016848444939,1.6551837474108,0.29949967563152,0.56410440802574
0.025922759901732,3.4453293681145,0.57645659148693,0.48493687622249,0.41846887767315,1.8251959681511,1.2702105045319,2.3971524834633,0.4291716851294,2.0730885267258,0.30144947767258,0.65604335069656
0.064732619561255,0.82473837584257,0.55067414790392,0.83949582278728,0.59454790502787,1.8144529759884,1.3849757909775,2.4150260090828,0.23522907495499,1.6939488351345,0.29949613660574,0.58941042423248
0.14633641019464,0.31548063457012,1.0567635297775,0.91153489053249,0.45458275824785,1.7841779887676,1.2702895104885,2.4224497079849,0.22436321154237,1.6905677616596,0.30152622610331,0.59415893256664
0.19742626138031,0.42170444130898,0.46493699401617,0.40680547850206,0.29976149648428,1.3466800153255,1.3469864428043,2.3518279194832,0.21717899665236,1.7290069162846,0.29883310198784,0.64399605989456
0.59719662135467,0.23000141233206,0.29461386799812,0.3596203122288,0.16238582134247,1.3525400161743,1.3598588705063,2.456591963768,0.16927766054869,2.4072780013084,0.30353885143995,0.56884759664536
0.028132000006735,0.19513162225485,0.19362464360893,0.35678443359211,0.16923921182752,1.774413973093,1.2639030814171,2.403935790062,0.1381426602602,2.3716108202934,0.30393931269646,0.6327008754015
0.028150469996035,0.17384010925889,0.22713663801551,0.3428599042818,0.17974800616503,1.781248986721,1.3662553727627,2.3545516729355,0.13182981871068,2.4626254439354,0.30260200798512,0.60971100628376
0.028063930571079,0.17129908874631,0.096955768764019,0.35303366649896,0.16959726065397,1.7783199846745,1.2978346049786,2.4214594364166,0.12884491123259,2.4475308060646,0.30692552775145,0.56483109295368
0.028086469974369,0.17203721776605,0.24901058897376,1.4481088072062,0.1773241981864,1.7539070248604,1.3417678177357,2.3230302333832,0.12953673861921,2.3386577367783,0.30228838324547,0.66678573191166
0.028749619610608,0.19969947263598,0.23934369906783,5.7184789180756,0.182891157921406,1.7587890028954,1.7817851901054,1.196922197938,0.1655873823911,1.4646039605141,0.3592716678977,0.52426169067621
0.032229139469564,0.23142353817821,0.78513250499964,4.233954668045,0.70634659752245,1.7734379768372,3.6071766316891,0.94141724705696,0.17501254938543,0.50261525809765,1.4619352519512,0.76558902859688
0.032402789685875,0.25160271674395,0.76028720289469,3.0289263725281,-0.598171945661301,1.7744140028954,5.7298865318298,8.3345227241516,0.14380770921707,1.5052178055048,5.5594127774239,6.0932703614235
0.053341319784522,0.27951070666313,0.28926759213209,2.9261911511421,-2.87819852307439,1.7714849710464,6.0505926609039,13.112547159195,0.32355432957411,2.4293028116226,5.626337647438,5.7817071080208
0.028660129755735,0.23407036811113,0.31162688136101,3.0764746069908,-5.03216259181499,1.7597660124302,5.4974147081375,13.571578264236,0.14371055923402,2.4833174347878,5.7002313137054,5.1483707427979
0.028897819574922,0.1984680891037,0.28190774470568,2.6430354118347,-6.2168919891119,1.7763669788837,5.1152012348175,11.592298269272,0.37307007238269,2.6496927142143,5.426783323288,5.6537538766861
0.02877314016223,0.15557334013283,0.28845784068108,3.2146200537682,-5.92332283221185,1.7646480202675,6.9305276870728,8.0879392623901,0.45547958835959,4.1516708135605,5.3934656977654,4.8143625259399
0.033314949832857,0.1135062687099,0.32600077614188,1.0655073914677,-4.97999287210405,1.7695309817791,5.517005443573,8.3628644943237,0.13890449143946,4.0388185977936,3.7852503061295,3.6975749135017
0.029505449347198,0.1151841506362,0.4538748562336,1.0178874954581,-4.67613731697202,1.8076170384884,2.0303340852261,3.7013347744942,0.15705070272088,2.6941091418266,1.451956987381,4.0905359387398
0.024895789567381,0.11359598115087,0.33656575158238,2.0555536746979,-4.3399426843971,1.7910149991512,1.83603733778,1.6989478170872,0.1349187605083,1.7328593879938,2.4673055410385,1.8124350607395
0.025160039775074,0.29054915904999,0.36034470796585,2.3961185216904,-4.08831147663295,1.8144530057907,1.5605086386204,1.0766519755125,0.18856246583164,0.71365340054035,2.1699910163879,0.60125052928925
0.024662429466844,0.21806342899799,0.35159109532833,0.94527949392796,-3.19752353429794,1.8017580211163,1.3599971234798,1.0906919836998,0.34600303694606,0.41333918273449,1.1564306020737,0.56733329594135
0.024249889422208,0.21422256156802,0.28842132538557,0.37240168638527,-1.76609356328845,1.7880859971046,2.1950087547302,2.1910738945007,0.14682345092297,0.32950834929943,0.34326998144388,0.52777302265167
0.026974249165505,0.39031253382564,0.64344977587461,0.51210900582373,-0.433825219050047,1.7675780057907,2.8080786466599,2.4887214303017,0.77034877613187,0.57358476519585,0.34086830914021,0.58218541741371
0.079242300242186,0.49767378717661,1.354101061821,0.25657995976508,0.284726367041002,1.8017579615116,1.5200771093369,2.5668531656265,0.38545734062791,1.6978975236416,0.34219168126583,0.62376822531223
0.77012571133673,0.74878306314349,0.54491639882326,0.47027326002717,0.34325182437897,1.8154300153255,1.3221855163574,2.5556609034538,0.19773582741618,2.0271273255348,0.34159608185291,0.58731357753277
0.05778440926224,0.4802800193429,0.3539939597249,0.35807666834444,0.30045350268483,1.8037120103836,1.3973021507263,2.5637249946594,0.1957222186029,1.6960727274418,0.34306591749191,0.67016950249672
0.11071190051734,3.0946110486984,0.41892051696777,1.5680550485849,0.30942465364933,1.8007819950581,1.3554519116879,2.5507576465607,0.19511310011148,1.7388752996922,0.34116265177727,0.60063305497169
0.12274111062288,0.86085375398397,0.30871416628361,0.76872800476849,0.23931303806603,1.8066410124302,1.3572605252266,2.5522426962852,0.16308378428221,1.6523227989674,0.34558583796024,0.61979478597641
0.09234930947423,0.24466479569674,0.31622157245874,0.42575112730265,0.19343501888216,1.7968740463257,1.4021199047565,2.5035560131073,0.12438639812171,1.7898083627224,0.34404890984297,0.63755199313164
0.055164079647511,0.20092379301786,0.24497091025114,0.43322786875069,0.16265358962119,1.7978509962559,1.3141136169434,2.5666083693504,0.12459804862738,1.7315997779369,0.34420441091061,0.58633218705654
0.023605530150235,0.18183859065175,0.23950181528926,0.42748754099011,0.15675111114979,1.8056629896164,1.4129117429256,2.5609741806984,0.12442496046424,1.6498057842255,0.34324676543474,0.63822808861732
0.021256720181555,0.17858773097396,0.2577648088336,0.53565070684999,0.14645195752382,1.8105469942093,1.311271995306,2.5668362379074,0.11981659010053,1.7847783565521,0.34197396785021,0.61821326613426
0.020939460024238,0.17612133920193,0.24831319972873,0.77193080633879,0.15224339999259,1.7832030057907,1.3760060966015,2.5563230514526,0.12085573934019,1.7101837694645,0.34267589449883,0.58283081650734
0.022887849714607,0.17275665700436,0.25706169754267,3.3434911966324,0.16510925069451,1.7734380066395,1.3230505287647,1.434493586421,0.27467472851276,1.2661224603653,0.34104688465595,0.64818581938744
0.02361298026517,0.19696755707264,0.20937145128846,4.6804250478745,-0.133550016209487,1.7529290020466,1.3581494688988,1.0512878149748,0.17567122727633,0.36919762194157,0.33861771970987,0.54014937579632
0.022569919936359,0.25992074981332,0.51345191150904,4.4688692092896,-0.916926655918362,1.7597660124302,1.5870524942875,0.99851271510124,0.12369550205767,0.29965023696423,0.34064358472824,0.5532808303833
0.021734950132668,0.29003371298313,0.38127817958593,3.3654257655144,-3.1956410575658,1.7822259664536,4.7297686934471,1.0324291288853,0.12322696112096,0.30319080501795,0.33685408532619,0.58899863064289
0.020812559872866,0.55415565520525,0.35261726379395,3.5227289199829,-4.78288302011788,1.8046869933605,4.7663707733154,1.0434914380312,0.12276833690703,0.36493796855211,0.33725629001856,0.52534857392311
0.021986779756844,0.56785950809717,0.39084759354591,3.5068780779839,-5.42549102008343,1.7939450144768,5.4577761888504,1.0717702656984,0.18130920268595,0.28853941336274,0.42942946404219,0.58186937868595
0.024413409642875,0.20424220152199,0.39272380620241,2.7616358995438,-4.77452608942985,1.7714839577675,5.6339567899704,1.0583152770996,0.33840577118099,0.30217241868377,0.48215271532536,0.5578830242157
0.28455449454486,0.13972141966224,0.41595323383808,2.7770419120789,-5.230982914567,1.7753900289536,5.6603211164474,1.0561165213585,0.15912679955363,0.39406608045101,0.48675025254488,0.52549506723881
0.072846269235015,0.15906373411417,2.0419217646122,0.45562197268009,-4.30137693695724,1.8027329742908,5.0217641592026,1.0022126436234,0.13313029706478,0.29078306257725,0.53662560135126,0.60046701133251
0.016428870148957,0.31658946722746,0.72554146498442,0.58787415828556,-2.25223340094089,1.7753899991512,4.8404102325439,1.0745311081409,0.13254000246525,0.2967277392745,1.2826806604862,0.53811879456043
0.017838669475168,0.24293700605631,0.41480275243521,0.39783629681915,-1.52184612303972,1.7783199846745,4.7294965982437,1.0653747171164,0.1880745626986,0.40209957957268,0.76009225100279,0.56245698034763
0.017333679832518,0.23455468937755,0.76764529198408,0.84643296152353,-1.99174818210304,1.3369129896164,2.9211825728416,1.0757433623075,0.15373042970896,0.30265780165792,0.43919897079468,0.59452719986439
0.016758100129664,0.82377223670483,1.2314114421606,0.47354434709996,-0.875882040709258,1.7822259962559,4.2401138544083,2.2233771681786,0.13584015332162,0.27642507106066,0.4414429590106,0.52947908639908
0.017219790257514,1.681049823761,0.91096992790699,0.28041863068938,-0.167906718328597,1.7822270095348,4.6275979280472,2.5322645306587,0.12920568697155,0.40202634781599,0.44216485321522,0.58491975069046
0.018183330073953,0.52777746319771,3.7400864064693,0.43109549768269,0.17293514497578,1.7695299983025,3.2357253432274,2.4616891741753,0.13668395765126,1.2757782116532,0.44026760756969,0.69857029616833
0.030266060493886,0.40263468772173,2.565183609724,0.42769845295697,0.1620894856751,1.7802729904652,2.207359790802,2.5703544020653,0.22704565525055,1.6502420604229,0.43518379330635,0.69185051321983
0.053609879687428,0.54434116184711,0.65195365250111,0.42948112078011,0.16250844299793,1.8125,1.8376090824604,2.5570077300072,0.1984529197216,1.780476629734,0.43586816638708,0.74410390853882
0.053531019948423,0.46814074367285,0.63291132450104,0.92991607636213,0.16303524747491,1.8037109971046,1.9311381578445,2.5765034556389,0.19688415899873,1.801250576973,0.43939784169197,0.65885949134827
0.05289408005774,0.49862387031317,0.6349183768034,0.49073680909351,0.26068597659469,1.8085939884186,1.8774286210537,2.6032902598381,0.19379440695047,1.7243298590183,0.44091114401817,0.63115644454956
0.063399671576917,0.39957968145609,0.40786845982075,0.35622378624976,0.19954963028431,1.8027339875698,1.8949947059155,2.5752919316292,0.16634395718575,1.7774408757687,0.44112649559975,0.62693473696709
0.095096288248897,0.24556651338935,0.32558385282755,0.59270428400487,0.17272081039846,1.7939450144768,1.902994453907,2.5343478918076,0.12093464098871,1.6658774018288,0.44201619923115,0.59452530741692
0.1271918118,0.22633999213576,0.26129835098982,0.31517963018268,0.15798797085881,1.8017570078373,1.8508941531181,2.569184422493,0.12416440993547,1.7057335674763,0.44274534285069,0.6459224820137
0.016312170075253,0.22174585983157,0.33404069393873,0.46360308164731,0.190355040133,1.7939459979534,1.8960710763931,2.5557655096054,0.12815348990262,1.8023819923401,0.44128720462322,0.59403051435947
0.015331750037149,0.2287057377398,0.23179225623608,0.64932891540229,0.16605529747903,1.7949229776859,1.8081782758236,2.5498061180115,0.12660432234406,1.624989181757,0.44140323996544,0.59937912225723
0.016136180143803,0.22391064092517,0.33125238120556,0.42025166936219,0.147153109312053,1.7958990037441,1.9350838363171,1.4437933564186,0.12599122151732,1.0021503046155,0.44055666774511,0.6110113710165
0.018134650308639,0.22271751984954,0.2999547123909,0.40355479624122,-0.2625477835536,1.7812490165234,1.7869558930397,1.0778045356274,0.12636289931834,0.39599364250898,0.43897531181574,0.52002741396427
0.015286949696019,0.24996647238731,0.47640709578991,0.2121613798663,-1.12319428473711,1.7724609971046,1.9133685529232,1.0571519136429,0.26322711445391,0.27075746655464,0.44042303413153,0.56218509376049
0.015495089814067,0.61310271546245,0.50934823602438,0.37074735853821,-3.14903699234128,1.7626950144768,1.8278955519199,0.95563863217831,0.14593322761357,0.29109779000282,0.43913973867893,0.5742552280426
0.015647660009563,0.66338300704956,0.48589976876974,0.41987269371748,-5.06143601611256,1.7724609971046,1.8931463360786,1.0383691191673,0.71270458213985,0.39526640623808,0.43192984908819,0.52645470201969
0.015744040021673,0.53116432577372,0.87377853691578,0.63125600991771,-6.48397393524647,1.7763659954071,1.9086952805519,1.0583802163601,0.15731443837285,0.29659477621317,0.43118432164192,0.59507666528225
0.016339949797839,0.4827583655715,0.76919081807137,0.43953199358657,-7.34257717058063,1.7988280057907,1.8944147229195,1.0653638839722,0.13088255189359,0.30563358962536,0.43827527016401,0.54461531341076
0.028011390008032,0.29245722293854,0.86348788440228,0.40717414673418,-7.64212591573596,1.8085940182209,1.9219716787338,1.0407330542803,0.13694047369063,0.3820453286171,0.43708501011133,0.54939337074757
0.023918449878693,0.26420229673386,0.98280831426382,0.27196928672493,-6.18393014743924,1.7880859673023,1.8912305235863,1.0736874938011,1.2534498292953,0.30297361314297,0.43928470462561,0.60873661935329
0.074598989449441,0.26289622485638,0.34612593054771,0.30297689838335,-4.92173463478684,1.7792959809303,1.9868212044239,1.0057922005653,0.22229884471744,0.32396358251572,0.44263885915279,0.53253470361233
0.10440704040229,0.26332774013281,0.39169266074896,0.56445448985323,-5.22575968503952,1.7910149991512,1.8516600430012,1.0794778168201,0.20721274986863,0.35928766429424,0.43935000151396,0.70629942417145
0.08472229167819,0.46820455789566,0.38749942928553,0.59246592782438,-1.90604176372289,1.7841790020466,1.9567542374134,1.1021366268396,0.74783391691744,0.29155356064439,0.44995776563883,0.66375894844532
0.078909140080214,0.55139517784119,0.32070107758045,0.40968646388501,-1.65937007963657,1.7597649693489,1.8198917210102,2.2035968601704,0.36444321274757,0.30118314176798,0.44223506003618,0.54203912615776
0.084163630381227,0.4059189632535,0.50758660584688,0.38229669257998,-0.135580755770207,1.7744140028954,1.7888323962688,2.545309484005,0.14232753962278,0.40310911089182,0.43752814084291,0.60368259251118
0.10208547115326,0.83426336199045,1.307922244072,0.33965858118609,0.239747321233153,1.7929680049419,1.3094197511673,2.5609479546547,0.22722884267569,1.2041997760534,0.43885013461113,0.60193921625614
0.1219442691654,0.399035833776,1.0354587882757,0.23641540808603,0.35575872659683,1.8183600306511,1.4161991178989,2.516805768013,0.2020241767168,1.6586168706417,0.43823325634003,0.62554198503494
0.11326426081359,0.72676530480385,0.49176119267941,3.4566381275654,0.36165027320385,1.8007819950581,1.3793213665485,2.58660197258,0.20071234926581,1.8001545667648,0.4372371584177,0.6461216956377
0.11978831142187,1.2096117064357,0.43685936182737,1.8005350474268,0.36953889578581,1.7763670086861,1.4011654555798,2.5527191162109,0.19849172979593,1.6772589385509,0.43700512498617,0.59510520100594
0.90096241235733,0.53629583865404,0.40146547555923,0.90786468982697,0.17373823188245,1.7910159826279,1.3804569840431,2.5840678215027,0.1978756301105,1.6711991429329,0.43821805715561,0.65436273813248
0.11290108971298,0.37411640584469,0.29715567082167,0.45308848144487,0.171182859689,1.8017570078373,1.3887979388237,2.5614330172539,0.16067155078053,1.796704351902,0.43822001665831,0.60882678627968
0.024200909771025,0.23688011243939,0.27397406101227,0.26408447884023,0.20767035707831,1.7949209809303,1.3845955133438,2.5948799848557,0.12879865057766,1.7091825902462,0.43939577043056,0.61554832756519
0.02376008965075,0.20496123284101,0.20723490789533,0.40926451701671,0.17918278090656,1.8017570078373,1.4072783589363,2.5757614374161,0.12895192019641,1.6919136345387,0.44293207675219,0.66100865602493
0.023468859959394,0.21200820058584,0.33719100058079,0.44175727665424,0.18684699945152,1.7783199846745,1.3698161244392,2.5191850066185,0.12861547991633,1.7639898061752,0.44357226788998,0.57016164064407
0.023705650120974,0.21075263991952,0.19334696233273,0.68714142590761,0.2054130230099,1.7597659826279,1.3714608550072,2.5514297485352,0.12829004973173,1.675537019968,0.43945582956076,0.65854726731777
0.025280029978603,0.24380452930927,0.26356744393706,3.3847213983536,0.147166302427646,1.7871090173721,1.7161825895309,1.4230119436979,0.12834586948156,0.96002171933651,0.48125299811363,0.58368840813637
0.02687939023599,0.31704302877188,0.9473136253655,4.7265428304672,0.0474545322358626,1.7841789722443,3.6289758086205,1.2949154675007,0.12470110692084,0.52819471806288,1.5320183634758,0.69453430175781
0.024424700066447,0.19959311187267,0.79708240926266,3.0267513990402,0.114776194095626,1.7724609971046,5.7089555263519,8.8577337265015,0.27173181809485,1.9605621248484,4.9964711070061,5.6494634747505
0.026510450057685,0.22746108099818,0.87598875910044,3.3551144599915,-1.8435256481171,1.7666019797325,5.0715020895004,10.876175880432,0.16063963808119,2.7361707687378,4.6565673351288,4.0027378797531
0.023937410209328,0.17160468176007,0.29944760352373,3.1526136398315,-4.27566336095333,1.7871100306511,5.4435352683067,14.150580883026,0.12795212119818,4.6791026592255,4.3327186107635,4.6885716915131
0.025119400117546,0.17458303272724,0.36520988494158,3.2050180435181,-6.2406197860837,1.765625,5.9045115709305,12.120776414871,0.12862627021968,4.3351265788078,4.1188201904297,3.4010022878647
0.024702399969101,0.17923441901803,0.27177592739463,3.4640356302261,-7.25011970475316,1.7695309817791,4.6421930789948,8.7364271879196,0.12827602215111,4.3892432451248,4.6300434470177,2.0911043584347
0.0244629397057,0.17305367439985,0.37619300931692,2.7832739949226,-7.47015905752778,1.7900390326977,4.1564385294914,6.6854118108749,0.19868630170822,4.4062261581421,3.4906761050224,1.8205530643463
0.029345809947699,0.17594983056188,0.4452717602253,0.82179514691234,-7.10157861933112,1.7949219942093,2.1998446881771,2.6195661723614,0.13892937079072,2.0427097976208,1.5609142780304,1.6199332773685
0.025022570043802,0.19977213069797,0.44147730618715,0.57697015441954,-3.55097599886358,1.7919920086861,1.9494025707245,1.0326743125916,0.12971521168947,0.87008762359619,3.3642590045929,0.73850667476654
0.025162530131638,0.33178775757551,0.35621711611748,0.56048174202442,-3.6072152480483,1.7968750298023,2.0131942927837,0.92823474109173,0.18848297558725,1.1447103321552,1.4626296833158,0.61213877797127
0.027804750017822,0.34367079287767,0.38347190618515,0.70091721601784,-3.23914222419262,1.7910149991512,1.9542629718781,1.0022428482771,0.12983234971762,0.43149572610855,0.34780198335648,0.57871054112911
0.024267139844596,0.3627335652709,0.37906696647406,0.49553187098354,-0.836120896041396,1.7802740335464,2.0592589378357,2.129580527544,0.1290619596839,0.27946418896317,0.34636580199003,0.52224811911583
0.024311180226505,0.38095749169588,0.25965265929699,0.4232674986124,-0.21386466175318,1.7666019797325,3.2761552333832,2.4448353052139,0.33251139521599,0.52693080157042,0.34622150659561,0.56991109251976
0.028727049473673,0.3697837293148,0.43588287383318,0.39830063143745,0.290092432551314,1.7695319652557,2.128580302,2.4749400019646,0.36624968796968,1.6695624440908,0.34260134398937,0.59734861552715
0.024533900432289,0.48330696672201,1.1610860973597,1.112256731838,0.35342464596033,1.794921964407,1.3896693885326,2.4943986535072,0.2234026864171,1.9545519948006,0.34493700414896,0.61057509481907
0.023967939894646,0.54581831395626,1.3657922744751,1.4875817596912,0.34202241897583,1.8027350008488,1.4138126671314,2.4670540690422,0.21196319162846,1.8136757314205,0.34757167100906,0.67135195434093
0.024395410437137,0.66057574748993,0.94516481459141,0.78626914322376,0.33851283788681,1.767578035593,1.4147769510746,2.4458238482475,0.21007531881332,1.6780554652214,0.34383637458086,0.58891360461712
0.024002869613469,0.51178572326899,0.31721676141024,0.44533473625779,0.28457358852029,1.7919920086861,1.4152531027794,2.5028373599052,0.147803992033,1.6668747961521,0.34596563130617,0.64893828332424
0.023559579625726,0.4987158626318,0.33328846842051,0.40452389419079,0.17608091235161,1.8027339875698,1.405792504549,2.5192307829857,0.12716032005847,1.978141695261,0.34775527566671,0.62284384667873
0.023580209817737,0.46388352662325,0.2130261734128,0.4068729816936,0.20141489803791,1.7958980202675,1.4253912568092,2.531659424305,0.12829072959721,2.392006456852,0.34691549092531,0.59886452555656
0.023888669908047,0.28631683439016,0.27168246358633,0.29151290189475,0.16924890689552,1.7841790020466,1.3799594640732,2.5392076969147,0.12703176215291,2.4237543940544,0.3446317538619,0.66087467968464
0.023835979867727,0.20436713472009,0.23747085779905,0.53097579116002,0.20607364177704,1.7978519797325,1.4368800222874,2.4991138577461,0.12721299938858,2.4946621060371,0.34662391990423,0.59039857983589
0.023876749910414,0.20198791101575,0.23605811968446,0.71790682338178,0.16596515104175,1.7792969942093,1.398866891861,2.4483135938644,0.12634313106537,2.3614707589149,0.34462197870016,0.62683999538422
0.026027400046587,0.24167110398412,0.27842954546213,3.9724825024605,0.223949030973017,1.7617189884186,1.7643659710884,1.3656738251448,0.12525895982981,1.3082107305527,0.41711527109146,0.59702397882938
0.027882259804755,0.29473593458533,0.42152781039476,4.3111255764961,-0.182422786951068,1.7675789892673,4.0308544933796,1.0347956120968,0.28550026938319,0.73437407612801,1.3716330230236,0.55568294227123
0.024197759572417,0.31832004711032,0.46194872260094,3.3790811300278,1.63360103964801,1.7695309817791,4.8769953846931,8.9503320455551,0.14618130028248,3.7915855050087,5.2571331858635,4.3955055773258
0.02400188986212,0.26817660033703,0.34175781160593,2.8593510687351,-1.02108021080495,1.7832019925117,5.4455325603485,9.4172393083572,0.12691459618509,4.8206334114075,6.1143241524696,5.0033053159714
0.024511130526662,0.18448426946998,0.40436802059412,2.7021092772484,-4.27753325179219,1.7617189884186,6.0442507266998,4.3439611196518,1.1563262715936,4.7273516654968,6.5835998058319,4.908238530159
0.024617339950055,0.17912234738469,0.31662403047085,3.3775624632835,-6.01879282668233,1.7587890326977,5.2453649044037,8.106346487999,0.59505152143538,4.1498967409134,5.8919529914856,4.5957064628601
0.024432749953121,0.17491307854652,0.33518069237471,2.2713535428047,-7.26897862553596,1.7646489739418,5.1731013059616,8.8699536323547,0.549860060215,4.631352186203,4.9861170649529,4.0399609804153
0.029013789258897,0.18030825257301,1.4134220182896,2.3176882863045,-7.50197164714336,1.7792969942093,3.3919447660446,4.5371718406677,0.15321001037955,3.7040476799011,3.3580415844917,3.9408991336823
0.026032410096377,0.17947224900126,0.44101084023714,1.7434216737747,-7.12026130408049,1.7714850306511,2.4677132368088,2.3097655773163,0.13624035194516,2.7223185896873,1.3788674175739,2.1743125617504
0.028629949316382,0.18948130309582,0.41171072423458,1.0260937064886,-5.89173298701644,1.7851560115814,2.0683525204659,0.59971365705132,0.13929411023855,1.9777289927006,1.2241780161858,1.4435916244984
0.024972309824079,0.31974945217371,0.24840326234698,0.54575427528471,-4.82834246382117,1.7783199846745,2.068797826767,0.98257385194302,0.11916594021022,0.72198443114758,0.96717710793018,0.95983608067036
0.02454135986045,0.23525894060731,0.33349151909351,0.81458643078804,-3.34803573414683,1.7783189713955,1.9904166460037,0.86896751821041,0.12036260962486,0.46741162240505,0.33615630120039,2.6493861079216
0.028655509930104,0.36754012852907,0.35288469493389,0.38300193473697,-1.25381553918123,1.7724599838257,2.1952847242355,2.0811486244202,0.12287473119795,0.32961947470903,0.33674697577953,2.4853591918945
0.26686698384583,0.35509911179543,0.47766494750977,0.35756222484633,-0.173299010843043,1.7753899991512,3.0955593585968,2.4221053123474,0.12035906687379,0.27980004623532,0.33235669136047,1.5596410185099
0.023856570012867,0.3904440626502,0.42395651340485,0.37581548560411,0.280194369726819,1.7792969942093,1.6086302995682,2.4201674461365,0.12097157165408,1.621574729681,0.33134155720472,0.73584659397602
0.023471280466765,0.95436979830265,0.6262491941452,0.34969857428223,0.44876804202795,1.7998040020466,1.5900957882404,2.4806750416756,0.12329120002687,2.0254521965981,0.33289133757353,0.73701417446136
0.023746270220727,0.70563945174217,0.74430608004332,1.1040319427848,0.44815009087324,1.7646479904652,1.5527536273003,2.4394069314003,0.12066931650043,1.6575028300285,0.33191490918398,0.70228417217731
0.024289630353451,1.1028578132391,0.94454954564571,1.0546663179994,0.38549980148673,1.7910160124302,1.4697691202164,2.4650158882141,0.22749322466552,1.8484840989113,0.33319488912821,0.77628839015961
0.02435483969748,0.33781558647752,0.36266499012709,1.1167586147785,0.2525398209691,1.805664986372,1.5811367630959,2.4095569252968,0.12467641197145,1.7062278687954,0.33440162986517,0.63918823003769
0.02317828964442,0.25552989542484,0.23294307664037,0.61936102062464,0.20535820163786,1.7929679751396,1.421688169241,2.4357344508171,0.12278444133699,1.6838845312595,0.33504244685173,0.68069498240948
0.022944139782339,0.23967848345637,0.34130681306124,0.37867220584303,0.17311285063624,1.7871100306511,1.6054114699364,2.4811038970947,0.12615864165127,1.8206036686897,0.33519865572453,0.66440445184708
0.022780530154705,0.2248112782836,0.26226629316807,0.57211135653779,0.20696569979191,1.7958989739418,1.419297516346,2.4579061865807,0.12551585026085,1.6910675764084,0.33511780202389,0.63695381581783
0.022929619532079,0.21951796114445,0.26667013019323,0.50680000754073,0.22964762896299,1.8037109673023,1.5891658067703,2.4449381828308,0.12276520952582,1.6573047041893,0.3322506994009,0.71916911005974
0.022983130067587,0.21760096028447,0.24478695169091,1.0113068930805,0.20317079126835,1.7880849838257,1.4058105647564,2.4547743797302,0.12097087129951,1.809541374445,0.33316572010517,0.63221108913422
0.032296260353178,0.25436559692025,0.22206785157323,3.804944217205,0.177594189532104,1.7568349838257,1.9081159234047,1.2511048465967,0.12041132897139,0.91340606659651,0.33297882974148,0.63152661919594
0.025321700144559,0.26586716622114,0.85568483918905,4.4678137302399,0.734761185944117,1.774414986372,2.0000920295715,0.93837787210941,0.1207748670131,0.43310940265656,1.360219180584,0.65237207710743
0.023168100044131,0.20073928311467,0.75896865129471,3.2602378129959,-0.74282157421112,1.7783200442791,2.0699222683907,0.99837118387222,0.11609837971628,1.6524583101273,5.5955179929733,3.8650463223457
0.02319651003927,0.19962725788355,0.44112393260002,4.1686814427376,-3.27751759439707,1.7714839875698,1.9836866259575,0.63811640441418,0.11625412851572,2.6297749876976,5.1254267692566,3.5908018946648
0.017152819782495,0.15183953940868,0.21949769929051,3.2127425074577,-3.72285155579448,1.312501013279,2.2957244515419,1.2674186527729,0.097878398373723,1.9599522948265,4.1781952381134,3.2480075359344
0.022741879802197,0.20315542072058,0.32812378183007,3.8320260047913,-6.29965912550688,1.7607420086861,3.2128278613091,1.3764919042587,0.12279903888702,3.9440357685089,5.2102879285812,2.3781107366085
0.022424590308219,0.20248858258128,0.27847905084491,3.495935857296,-7.17873650044202,1.7998040020466,2.6234922409058,0.92861032485962,0.12356183119118,4.7308579683304,4.9583588838577,2.6442324519157
0.025879390072078,0.20259870961308,0.3353058770299,2.3946535885334,-7.58149351552129,1.7998040020466,2.0528573989868,0.91965885460377,0.12424015253782,5.1723055839539,4.1215888857841,3.1803012490273
0.024495599791408,0.20099930092692,0.35555730760098,2.0317736268044,-7.49923758208752,1.8105469942093,2.1086101531982,0.97866310179234,0.12419804930687,3.1196487545967,1.2079559117556,1.920548081398
0.023478030227125,0.29121048003435,0.32691755890846,1.2034719958901,-6.30750920623541,1.7675789892673,2.0606253743172,0.94088105857372,0.11842172965407,3.0134730935097,0.84472021460533,0.76020592451096
0.022890060208738,0.37015138566494,0.41231255233288,0.57642164640129,-4.65815272927284,1.7978520095348,2.0471315681934,0.9359238743782,0.11879876628518,1.2616572901607,0.76394084095955,0.64574058353901
0.023075399920344,0.26890419051051,0.3692861199379,0.79573666490614,-3.52828066423535,1.7929690182209,2.097803413868,0.98781330883503,0.11742092110217,0.36122601479292,0.33648152649403,0.60610157251358
0.023067600559443,0.25980273634195,0.36025719344616,0.32479915395379,-1.48388584703207,1.7783189713955,2.0331835746765,2.0788397490978,0.118029108271,0.35998211801052,0.34102939069271,0.52906587719917
0.77195177972317,0.2580832913518,0.46615321189165,0.34089482622221,0.0325197428464935,1.7626959979534,1.8506298065186,2.3640521764755,0.11645368859172,0.283592492342,0.33408964425325,0.60500195622444
0.030400819610804,0.32516535371542,0.53515192121267,0.40901193441823,0.408009469974782,1.7841789722443,1.4829664826393,2.6189795136452,0.11648600921035,1.668736115098,0.33405559509993,0.62996922433376
0.029153880197555,0.46987356245518,0.54926262050867,0.43570635095239,0.41496606171131,1.8046869933605,1.6435266137123,2.5944143533707,0.11964208073914,2.0444107353687,0.3421964943409,0.62921893596649
0.02843894995749,0.59110608696938,0.83753137290478,1.6379827708006,0.4589960873127,1.7900380194187,1.4482003748417,2.4586082696915,0.12204925902188,1.675894767046,0.33834768086672,0.72060336172581
0.028132759965956,0.35738255083561,0.57137948274612,0.9026475995779,0.40179140120745,1.7871090173721,1.6306866109371,2.4790335893631,0.12581635825336,1.8155758082867,0.33664857596159,0.62693776190281
0.028601080179214,0.22258492186666,0.46983422338963,0.77654945198447,0.2098217010498,1.796875,1.4965277910233,2.4519510865211,0.12652427889407,1.7119133770466,0.33653379231691,0.67692884802818
0.023577290587127,0.21607571467757,0.44181746244431,0.5582967735827,0.21077481657267,1.7939450144768,1.6183425188065,2.4036340117455,0.12348569743335,1.669136762619,0.33713853359222,0.67859244346619
0.023124560248107,0.19624029099941,0.46926271170378,0.48790479265153,0.21295146271586,1.7939460277557,1.495759755373,2.4673835635185,0.1208109408617,1.8141941130161,0.33626718819141,0.62711599469185
0.023161810357124,0.18193933740258,0.3788640871644,0.35977473948151,0.18146526813507,1.7861329913139,1.5940102934837,2.4499103426933,0.1214859392494,1.6992852687836,0.3445213586092,0.7021608799696
0.023221270181239,0.17843519896269,0.46390673518181,0.49818112142384,0.2050544694066,1.7900400459766,1.5218050479889,2.4868849515915,0.12098588980734,1.6493027210236,0.33746383339167,0.6385153234005
0.023160789627582,0.18034467101097,0.22141802310944,0.80592056363821,0.23274943605065,1.7753909826279,1.5417287051678,2.4539321660995,0.11915068887174,1.8230642974377,0.33617404848337,0.63810138404369
0.024532820098102,0.22157295793295,0.20443702116609,3.6161522269249,0.263427998870613,1.7724609971046,1.9060035049915,1.3094419389963,0.16446839086711,0.88811478018761,0.3323440849781,0.64223447442055
0.028707940131426,0.28959358483553,1.2106651291251,4.5536968111992,-0.164133265614506,1.7705080211163,3.7987810969353,1.1634314507246,0.15771604795009,0.45618207752705,1.0381060391665,0.60952037572861
0.023713080212474,0.13780758157372,0.9749341905117,4.6362619400024,-1.18747248873115,1.7636719942093,4.2604775428772,6.973584830761,0.13211657851934,1.5719068646431,5.870893061161,3.3161428272724
0.011741199996322,0.070693038403988,0.19775028526783,1.8051177859306,-1.36538865044713,0.87695300579071,2.5026755332947,4.4787296056747,0.069563508033752,1.4538680911064,3.0838483572006,2.6006853580475
0.024522040039301,0.13864159025252,0.45483608543873,2.6628324985504,-5.09118711575866,1.8037109673023,3.7512660622597,10.438997745514,0.12198078911752,3.3772692084312,5.7658787965775,2.6188793182373
0.023878820240498,0.13834831863642,0.49356261640787,3.3996025919914,-6.6026506125927,1.7851569950581,4.7972200512886,11.029237985611,0.12083435244858,4.0566836595535,5.7568411827087,2.1400797069073
0.023509450256824,0.13642118126154,0.42780683189631,4.0135898590088,-7.00889867171645,1.7666009962559,3.6070708036423,11.95266866684,0.10692050028592,3.4049034714699,5.3210281133652,3.2671692967415
0.023583939764649,0.13887184858322,0.28329342976213,2.4598662853241,-7.51775731146336,1.8105460107327,3.52140635252,9.492599606514,0.10988241340965,4.354131102562,3.0677783489227,2.3094009459019
0.027510869782418,0.13866450078785,0.43552716821432,0.50776464492083,-7.00356692820788,1.7988270223141,2.5751229524612,3.3399054408073,0.12002849020064,2.9053656458855,1.1484189331532,1.889353364706
0.027600939851254,0.1641119197011,0.90635359659791,0.4781193099916,-3.1728939935565,1.8085940182209,2.3283697366714,1.4262561500072,0.12220781110227,0.48174411803484,2.8032872676849,0.80333469808102
0.023641860112548,0.23172806203365,1.1063791289926,0.57348779216409,-3.61048502102494,1.8046880066395,2.1773952841759,1.0636861622334,0.12334619089961,0.38618193566799,2.2107502222061,0.62282826006413
0.025787800550461,0.26127617806196,0.35127952694893,0.86105336248875,-2.42157177813351,1.7890610098839,2.1014474034309,1.0127455145121,0.12606807984412,0.40412791073322,0.35028323531151,1.217325180769
0.025028730276972,0.2776582762599,0.48690497875214,0.43962767720222,-49718.0008803159,1.7626960277557,2.2542343735695,2.1474647223949,0.13038941845298,0.40862329304218,0.33718270808458,2.1335316896439
0.017316600307822,0.42657332867384,0.54976736009121,0.3847546800971,-0.342765774577856,1.7587890028954,3.9674174189568,2.4542721509933,0.12277778051794,0.30723407864571,0.33856581151485,2.1237955987453
0.019227519631386,0.63335637748241,0.42061649262905,0.32525381073356,0.349770870059726,1.7802729904652,2.4216602444649,2.4420868754387,0.11777828074992,1.3171317353845,0.54389743506908,0.71684703230858
0.019955440424383,0.69501756131649,0.57602448761463,0.38894184306264,0.32375794649124,1.8017580211163,1.5708055198193,2.4922026991844,0.11765796691179,1.7709117233753,0.58544988185167,0.5753081291914
0.016431380063295,0.68273324519396,0.37117103487253,0.59947826713324,0.26787460967898,1.805664986372,1.4908769130707,2.5423104763031,0.11887365020812,1.6718198657036,0.33867380023003,0.66303117573261
0.016218489967287,0.58847756683826,0.31821356713772,0.68532948195934,0.30398331955075,1.786131978035,1.6287241578102,2.4942342042923,0.11818232387304,1.8219022452831,0.34082360565662,0.61667612195015
0.016042749863118,0.60754427313805,0.36543037742376,0.39014022797346,0.25091711804271,1.7851550281048,1.461000919342,2.520788371563,0.1210553124547,1.7896102964878,0.33989222347736,0.64594241976738
0.015447980025783,0.53815807402134,0.25450352579355,0.3624270260334,0.15397067181766,1.796875,1.6312138736248,2.5110799670219,0.1263330578804,1.6825822293758,0.33898777514696,0.69949024915695
0.015349470078945,0.2027631290257,0.34409710764885,0.47643603384495,0.19595135748386,1.7773439884186,1.6037959456444,2.4642986059189,0.12851956114173,1.7784420251846,0.3385344222188,0.62672504782677
0.015206820098683,0.17931110039353,0.2763529792428,0.47956885397434,0.18629051931202,1.8066399991512,1.5413799285889,2.4940569400787,0.127516169101,1.7814605236053,0.33933187276125,0.69811426103115
0.01517226989381,0.21887814253569,0.25142000615597,0.63095503300428,0.16378015838563,1.7802729904652,1.6652046144009,2.5355187654495,0.12136843241751,1.6729969084263,0.33915995061398,0.64559262990952
0.015094120055437,0.21539938077331,0.25630642473698,0.76604839600623,0.19685016945004,1.7734369933605,1.5112008452415,2.5330461263657,0.1226195525378,1.7440904378891,0.33892023563385,0.64194138348103
0.015059479977936,0.20240877568722,0.22061082534492,0.39340306678787,0.150139663368464,1.7890630364418,2.0549718439579,1.357266664505,0.11935319937766,0.95646976679564,0.33756376802921,0.65854580700397
0.016599740134552,0.18203261122108,0.27510997280478,0.36324376612902,-0.279887683689596,1.756836026907,2.1554931998253,1.0235032439232,0.1246417760849,0.27470731735229,0.33650697022676,0.53226758539677
0.029097710037604,0.17959869652987,0.28581082820892,0.36682248255238,-1.36530920118094,1.7578120231628,2.1405813097954,0.8857391923666,0.12066227756441,0.39067838340998,0.33505150675774,0.59737907350063
0.0171202798374,0.95161193236709,0.58183514326811,0.36678407806903,-3.47020877152682,1.7617189884186,2.1599591374397,0.96458941698074,0.12098436057568,0.34474229812622,0.3338096216321,0.59311643242836
0.016968680080026,1.0380383580923,0.43780528753996,0.5863923584111,-5.38131976127625,1.7734370231628,2.1585792899132,0.99102278053761,0.11956434138119,0.29388516023755,0.33347153663635,0.54055942595005
0.015404009493068,0.2661052942276,0.37855818867683,0.64512810111046,-6.75210148841143,1.8027330338955,2.1396923065186,0.98574358224869,0.1256854776293,0.37576550990343,0.3352367207408,0.64000779390335
0.015629560453817,0.73961501196027,0.3130861595273,0.36393865942955,-7.38770176097751,1.8144530057907,2.1247496902943,1.0251438766718,0.1279689501971,0.39035782963037,0.33842188119888,0.55531205236912
0.015770949888974,0.12209751084447,0.3406792357564,0.35300921648741,-7.39314426481723,1.8125000298023,2.1752527356148,0.98212637007236,0.12613863311708,0.28543491661549,0.33823268860579,0.58919590711594
0.018442030064762,1.1013905070722,0.35331017524004,0.35776755958796,-7.35783686488867,1.8007800281048,2.1064836382866,0.99238665401936,0.17377102933824,0.37975557148457,0.33922468870878,0.6105722039938
0.015248930081725,0.35493548959494,0.24146866425872,0.35853173583746,-6.21749141067267,1.8134759962559,2.2114287614822,0.93551585078239,0.17752261087298,0.40585254877806,0.33665322512388,0.54708117246628
0.015347019769251,0.43756356090307,0.43008618801832,0.61816940456629,-4.86149355396628,1.7822249829769,2.153990983963,1.0217135846615,0.13249053061008,0.30307057872415,0.34005609899759,0.6367447078228
0.015191820217296,0.48018217086792,0.36045245826244,0.67097871005535,-3.50244528613985,1.7744129896164,2.1621789336205,0.99156418442726,0.11351665109396,0.32311308383942,0.33742135763168,0.57384641468525
0.015237429644912,0.455870449543,0.42307340353727,0.384267359972,-1.23575767874718,1.7529299855232,2.1542637348175,1.5566569268703,0.11173383146524,0.42049448937178,0.33803541958332,0.58428047597408
0.015123229939491,0.69482059776783,0.51907213777304,0.53729793615639,0.445845121517777,1.7480469942093,1.7790829241276,2.3770871758461,0.13365068845451,0.3193811327219,0.34021773934364,0.62964941561222
0.015236020088196,0.58075544238091,1.3809483125806,0.32917608134449,0.45262741297483,1.7822259962559,1.5771068632603,3.080550044775,0.12888455949724,1.1344236731529,0.33863252401352,0.586839646101
0.015335639938712,0.48957926034927,1.5607561022043,0.44712215662003,0.23183923214674,1.8017580211163,1.5462953448296,2.9936735033989,0.11827398091555,1.8199315965176,0.33724105358124,0.717419475317
0.015493089798838,1.1610413342714,0.97508570551872,3.1473262906075,0.33221118152142,1.7841789722443,1.5581278204918,2.8812553286552,0.11754887923598,1.7341402471066,0.33770436048508,0.66563242673874
0.015704659977928,0.76100528240204,0.44301030784845,1.6072628446855,0.29085220396519,1.7900390326977,1.6620447039604,2.5317718982697,0.11882578209043,1.6703794300556,0.3401048257947,0.64668184518814
0.015557270031422,0.50234115868807,0.33185388147831,0.47185593470931,0.30771137028933,1.8007810115814,1.5045905709267,2.511734187603,0.12026694789529,1.8321035802364,0.34040872007608,0.72045390307903
0.015209350036457,0.48907616734505,0.37067875266075,0.41524964570999,0.19792356714606,1.7910149991512,1.6664278209209,2.5532643795013,0.11996182054281,1.9456725418568,0.3405274823308,0.63887199759483
0.01518797990866,0.36065001413226,0.37955161184072,0.38856646418571,0.17161455750465,1.7871100306511,1.6285932660103,2.4957255721092,0.12921130098403,2.4134119153023,0.33677946031094,0.68896828591824
0.015161979710683,0.22925658896565,0.23131895065308,0.38478335784748,0.18173813447356,1.7910160124302,1.5686080753803,2.4749705195427,0.1289058085531,2.5366428494453,0.33828399330378,0.66807541251183
0.015188219724223,0.22336247935891,0.32217768579721,0.57381223235279,0.19893404841423,1.7978519797325,1.6874938905239,2.5102974772453,0.12765767984092,2.4397554993629,0.33787185698748,0.63122047483921
0.01524066994898,0.21846919134259,0.26167791709304,1.5587637573481,0.16955092921853,1.7880859673023,1.4911345243454,2.4992751479149,0.12149371020496,2.3607774376869,0.33711945265532,0.72617891430855
0.015188259771094,0.22273175045848,0.26713237911463,3.80779337883,0.164867762476204,1.7958980202675,2.0441836118698,1.3771400153637,0.11997245065868,1.1854542791843,0.33725793659687,0.55635030567646
0.015088580083102,0.44256473332644,0.23735313117504,4.6732658147812,-0.209830695763232,1.7646479904652,2.1910783052444,0.97502164542675,0.11813591979444,0.34697999805212,0.3345021083951,0.60384526848793
0.015140920178965,0.63989135622978,0.4579074010253,4.2099633216858,-1.36997423693538,1.7646479904652,2.1273808479309,1.0163872539997,0.1189162004739,0.27787611633539,0.33560495823622,0.59308801591396
0.015255669830367,0.94750119745731,0.4424386061728,3.3539065718651,-3.29942672420293,1.758789986372,2.1814525127411,0.87722277641296,0.11809100024402,0.37986002862453,0.33645235747099,0.54240524768829
0.015575499739498,0.66638799756765,0.29172036796808,3.5010014772415,-4.69243999570608,1.786131978035,2.1114183366299,0.98183998465538,0.11906363070011,0.35929071903229,0.3387188538909,0.64206445217133
0.015236390056089,2.1246497482061,0.4049119502306,3.321280837059,-6.3831090386957,1.7783199846745,2.2099739909172,1.0075617283583,0.1204311195761,0.27823695540428,0.33856573700905,0.55103775858879
0.015287310350686,1.6013259589672,0.3543561771512,3.222135424614,-6.64342145808041,1.7656240165234,2.1033545136452,0.98028829693794,0.12563096173108,0.3699339479208,0.38234490156174,0.59297400712967
0.015236649895087,0.54561558365822,0.88596833497286,3.7409343123436,-5.98725057020784,1.7734379768372,2.1927708983421,1.0122866630554,0.12859668582678,0.39765045791864,0.38330391049385,0.60937969386578
0.015478839864954,0.76318871974945,1.3035103008151,2.1048144102097,-6.14343271404505,1.7958979904652,2.1331086158752,0.98623430728912,0.12527427263558,0.30330556631088,0.37802024185658,0.54322049021721
0.015429359860718,0.9453602284193,0.33596117049456,0.44289884809405,-5.12872801721096,1.7861320078373,2.2153977751732,1.0140099823475,0.12231221795082,0.35872761905193,1.1684549152851,0.72596244513988
0.015563730150461,0.37014541774988,0.34920380264521,1.0081488490105,-2.87868530303239,1.7939460277557,2.1675770282745,0.91974766552448,0.12090081907809,0.39589528739452,0.68455853313208,0.64799991250038
0.015514449914917,0.24005798064172,0.59104276448488,2.1635524183512,-1.7645508106798,1.7617179751396,2.1449360847473,1.0244122296572,0.11999857798219,0.31261020153761,0.33813660591841,0.65857522189617
0.015661729965359,0.14773481339216,0.45398640632629,0.40708722919226,-1.09349878504873,1.7509770095348,2.196518599987,2.1200977861881,0.11848318204284,0.3394671343267,0.33828078210354,0.68397104740143
0.01557090994902,0.27492233365774,0.47469189018011,0.39896804094315,-0.335644856095311,1.7666010260582,1.7977921962738,2.4772140979767,0.11724819801748,0.40355661511421,0.3382183611393,0.55099253356457
0.015602320199832,0.78064903616905,0.38826892524958,0.38377331569791,0.172764570452269,1.7832039892673,1.5961366593838,2.477305829525,0.117341671139,1.0996970981359,0.3384415730834,0.65804822742939
0.015409240266308,0.42017268389463,0.50568913668394,0.3537780335173,0.16508240066469,1.8076170086861,1.6234472692013,2.5536402463913,0.16802649945021,1.7004230618477,0.33846478164196,0.65347638726234
0.015326649881899,0.44374032318592,0.45420757681131,0.63399058766663,0.19621839001775,1.7939450144768,1.5220197439194,2.4566909074783,0.18220936506987,1.8325196504593,0.33796554803848,0.65064160525799
0.015443850075826,0.53438557684422,0.34728936851025,0.69600827340037,0.19632918015122,1.7968740165234,1.6539402604103,2.4849082231522,0.1235647816211,1.7648972272873,0.33488941937685,0.71083137392998
0.015100610209629,0.29104686528444,0.38985417038202,0.41129480302334,0.15853265672922,1.8105469942093,1.6118911206722,2.5186408162117,0.12062739767134,1.7024566829205,0.33888464421034,0.61589141190052
0.015208059921861,0.26904841512442,0.26026587188244,0.3578838086687,0.19744543917477,1.7851559817791,1.5330536067486,2.463732779026,0.12450501136482,1.7995299994946,0.33928775042295,0.69373139739037
0.015238500200212,0.22899011150002,0.2851492613554,0.36160419695079,0.19833768159151,1.7802729904652,1.6652552485466,2.5119943022728,0.12347983755171,1.7329564094543,0.33906112611294,0.66832801699638
0.015165420016274,0.20478545129299,0.31404058262706,0.36310321092606,0.16831873543561,1.794921040535,1.5299489796162,2.4987207055092,0.12240647152066,1.6936152875423,0.3384901881218,0.64622503519058
0.015266580041498,0.19623874127865,0.22191455960274,0.76010416448116,0.18278009444475,1.7792959809303,1.6508902609348,2.461163520813,0.12470897845924,1.8130447566509,0.33854443579912,0.71871198713779
0.015076410025358,0.20452063903213,0.29972227662802,0.47581691853702,0.19708563946187,1.7841790020466,1.566377311945,2.4806796908379,0.1342837382108,1.7377279996872,0.33788583427668,0.61155158281326
0.015159569913521,0.1940996684134,0.25839246436954,0.40941193699837,0.16402705200016,1.7949220538139,1.6098510921001,1.3730286359787,0.12872737087309,0.710374109447,0.3391318321228,0.63050921261311
0.015131239779294,0.2304756231606,0.25108301267028,0.37787541002035,0.18398176133633,1.7724609971046,1.6196656227112,0.9923519641161,0.12042910978198,0.38911534100771,0.34035628288984,0.5788177549839
0.01520236977376,0.30599998310208,0.36025037616491,0.37050238251686,0.19419837370515,1.7519529759884,1.4991738498211,0.96794800460339,0.11884476058185,0.33063089847565,0.33716301620007,0.54680548608303
0.015219809953123,0.43941882252693,0.33614715188742,0.34366934373975,0.17352645844221,1.7646479904652,1.6523261070251,0.95240530371666,0.11880412138999,0.2834811732173,0.3348438963294,0.63839045166969
0.015528090065345,0.4143756814301,0.40164252370596,0.61714823544025,0.16621651314199,1.7666019499302,1.4989442229271,0.95416435599327,0.11748307198286,0.36495162546635,0.33681438863277,0.54801748692989
0.01542259962298,0.81094718724489,0.41482099890709,0.48096228251234,0.19128767028451,1.7802719771862,1.6691752076149,0.9584568887949,0.11824443005025,0.40722092241049,0.33685637265444,0.59673482179642
0.015262450091541,0.81693831086159,2.0583410039544,0.39710401184857,0.19210763834417,1.7724609971046,1.6003947257996,0.98198384046555,0.12321505323052,0.30581559240818,0.33760391920805,0.60581828653812
0.015359450131655,0.46645998954773,2.3362197875977,0.37187730520964,0.16346254758537,1.7705070078373,1.6265047192574,1.0181969702244,0.12884901091456,0.33650615811348,0.34016005694866,0.53720591962337
0.015559200197458,0.17943255230784,1.3772927597165,0.36600535362959,0.17298456281424,1.7822260260582,1.6509689390659,0.98534612357616,0.12744371034205,0.39371160417795,0.33908380568027,0.65007193386555
0.015456530032679,0.23233480006456,0.41504833847284,0.34877434372902,0.19319759123027,1.7929680049419,1.588361620903,1.0156105458736,0.12416995316744,0.34091113135219,0.33835050463676,0.59559336304665
0.015332620125264,0.22768008336425,0.35900501161814,0.6633089594543,0.19275695830584,1.7802730202675,1.6987538933754,0.98936079442501,0.12072820961475,0.33168308436871,0.33669961988926,0.59467582404613
0.019543999806046,0.55935106799006,0.44514714926481,0.47177835553885,0.1906959824264,1.765625,1.5339003801346,0.9499813914299,0.11973417550325,0.41414278000593,0.3358371257782,0.61481454968452
0.016601129900664,0.83695641160011,0.31660072505474,0.38390809297562,0.5565014379099,1.7519530057907,1.6851218640804,2.1157194972038,0.1187546774745,0.34571586921811,0.33472036570311,0.55536834895611
0.019564320100471,0.1127010807395,0.33070252835751,0.36992051824927,1.6597584709525,1.7714840173721,1.6750716865063,2.4891672134399,0.1164426188916,0.28757443279028,0.33680860698223,0.65402445197105
0.075623110169545,0.5992627274245,1.4410920590162,0.31166945770383,0.41023221611977,1.8134769797325,1.540069103241,2.486270904541,0.11523928306997,1.1922763586044,0.33949537575245,0.64600384235382
0.037373229861259,1.4321635663509,0.93180344998837,0.54376253299415,0.43420582264662,1.8144530057907,1.6854896843433,2.5386158227921,0.12168749980628,1.7753394544125,0.33770164102316,0.68275462090969
0.055193909909576,0.6539516299963,0.55503267794847,2.748939871788,0.35522239655256,1.7919909954071,1.6896307766438,2.5057916641235,0.12799240276217,1.6939169168472,0.33860883116722,0.73313739895821
0.034993449691683,1.1685417145491,0.46304274350405,2.5064703226089,0.31111147254705,1.7919919788837,1.506288588047,2.4326891899109,0.12793123908341,1.7870637774467,0.33586998283863,0.64953844249249
0.015384569996968,0.33025582134724,0.26001704670489,1.4709793925285,0.2163967564702,1.7919909954071,1.6835829615593,2.5020782351494,0.12161196954548,1.8073021769524,0.33834546804428,0.70877610146999
0.015172990038991,0.3032316416502,0.34461912512779,0.64973330218345,0.19319989159703,1.7988280057907,1.6520653367043,2.5486969351768,0.12109417840838,1.6996882855892,0.34038526564837,0.65809942781925
0.015123900026083,0.21745528653264,0.26811845228076,0.61680184304714,0.21035784855485,1.8017579913139,1.5336155593395,2.5390187501907,0.11999562941492,1.7605202794075,0.34022039920092,0.66528059542179
0.015103080077097,0.18056493625045,0.31395565345883,0.43800858780742,0.208635462448,1.8027339875698,1.6723100543022,2.5461719036102,0.12071339227259,1.7968480587006,0.33911143243313,0.69841887056828
0.015172869898379,0.18305337056518,0.24991351738572,0.66770996339619,0.23216935992241,1.8027339875698,1.5686324834824,2.5242223143578,0.14906451012939,1.6472171843052,0.34040026366711,0.63046492636204
0.015176529996097,0.17895479127765,0.30969330668449,0.48925799503922,0.18343156203628,1.7744140028954,2.287769138813,2.4510947465897,0.18425033427775,1.7229885756969,0.33871795237064,0.68683974444866
0.017053809482604,0.30316419899464,0.21833428740501,3.6087104678154,0.33773437514901,1.7695310115814,2.2307878732681,1.3693877607584,0.13469338975847,0.88287612050772,0.36166736483574,0.60292749106884
0.019415720133111,0.13967239111662,1.5220406875014,3.4268115162849,0.89315846562386,1.7763669788837,4.3242181539536,1.2005647718906,0.12382252886891,0.43193184584379,1.3062782585621,0.6633490473032
0.015181730035692,0.12460770830512,1.1004586741328,3.624667942524,1.2027671784163,1.7714840173721,4.6502599716187,9.142126083374,0.12204780988395,1.5848083794117,5.0818530321121,4.7062722444534
0.015397479990497,0.12044475972652,0.27486976981163,3.398805141449,0.21545925363898,1.8066399991512,4.9674736261368,12.929039001465,0.12549521774054,3.4939768910408,5.124910235405,4.7474603652954
0.015608089976013,0.12385786138475,0.36409205943346,3.7476735711098,0.5581122841686,1.7929700016975,4.1305876970291,12.039387702942,0.12297020666301,5.1879620552063,6.4788073301315,4.7951060533524
0.015428500017151,0.12726957723498,0.31214934587479,3.1506566405296,0.61662326008081,1.7822270095348,4.3176017999649,12.331475257874,0.12239753082395,5.297380566597,5.4358459711075,3.9054408669472
0.015597479883581,0.1197523009032,0.30709505081177,3.3753083348274,0.25706889852881,1.7607410252094,3.4270784854889,10.178532838821,0.12266575172544,5.2240633964539,4.4996596574783,3.2302119135857
0.015354989795014,0.12685427069664,0.33006212115288,3.5767248868942,0.302993375808,1.7744140028954,4.2535213828087,7.8742581605911,0.12284664995968,4.2016686797142,3.5668132901192,1.9674676954746
0.01857434026897,0.11935365013778,0.52524752169847,1.9589842557907,0.25486632436514,1.8076179921627,1.930320084095,2.3543222844601,0.12298625893891,3.0324754118919,1.6238680183887,2.4767217040062
0.015646689804271,0.33910354971886,0.41313215345144,3.1804534196854,0.26713480055332,1.7880849838257,1.5351253449917,1.0495965480804,0.1195352114737,2.5174647569656,1.9081998169422,1.9515598118305
0.017683930229396,0.90914683416486,0.35929813981056,1.3489891588688,0.69403594732285,1.7666010260582,1.5778882801533,1.0127666145563,0.12281515263021,0.9025215357542,0.82673631608486,0.6984589099884
0.029229620005935,0.26990611106157,0.35657888650894,0.71805176138878,1.1867558285594,1.7822270095348,1.646124124527,1.0613338500261,0.13116505742073,0.39010309427977,0.30866582691669,0.57730330526829
0.024791409727186,0.24146146699786,0.73543307930231,0.49029927002266,0.41880628839135,1.790039986372,2.2437081038952,2.1523863375187,0.13030981831253,0.42299553006887,0.30647402256727,0.55602636933327
0.024435420520604,0.12300417013466,1.1088827997446,0.37716281833127,0.3071733340621,1.7783190011978,1.5323856174946,2.5509233474731,0.1222773026675,0.38635586947203,0.30744250118732,0.61762244999409
0.028210070449859,0.29530551657081,0.49862052500248,0.3235239982605,0.2963660992682,1.7714849710464,1.5910713076591,2.5317577123642,0.11817643046379,1.4140902608633,0.30667366087437,0.7056528031826
0.074259971268475,0.30731292814016,0.49550039321184,0.36083493381739,0.51984314620495,1.7998049855232,1.6549987792969,2.4659171700478,0.11818145960569,2.1768877208233,0.30484964698553,0.78944559395313
0.11353021115065,0.39880555123091,0.38270685076714,2.1358134150505,0.40811859071255,1.8037109971046,1.4676092267036,2.5553205013275,0.121298648417,1.7444839775562,0.30371084064245,0.81526312232018
0.10163320973516,0.77070966362953,0.49491459876299,0.74159277975559,0.39661327749491,1.7939450144768,1.6481355726719,2.5361083745956,0.11997636035085,1.6901220679283,0.30346290022135,0.85454581677914
0.10393887013197,0.54938209056854,0.48371440917253,1.0875803232193,0.24600281566381,1.7998049855232,1.5826022028923,2.5528662800789,0.12110712006688,1.8183594048023,0.30365046858788,0.7246485799551
0.094027759507298,0.87302711233497,0.33486168831587,0.41606597136706,0.20101720094681,1.8056629598141,1.5428722202778,2.5978361368179,0.12883996590972,1.7658816277981,0.30408802628517,0.70522367954254
0.090910289436579,0.21410649269819,0.3560469225049,0.37938935030252,0.20205685868859,1.7968759834766,1.6383756101131,2.5392155051231,0.1294683907181,1.7116474509239,0.30660394579172,0.7199230492115
0.086312390863895,0.18676820024848,0.33953557908535,0.54109697882086,0.20341479033232,1.7978500127792,1.5519471764565,2.5338949561119,0.12517878226936,1.8201745152473,0.30629719048738,0.63369084894657
0.052437138743699,0.18199532106519,0.38845752924681,0.85012684762478,0.20083972811699,1.7792969942093,1.858062595129,2.5594239234924,0.12201169133186,1.7859310507774,0.30732117593288,0.71731801331043
0.017065569991246,0.18267389014363,0.26915066316724,0.55510235810652,0.19429175183177,1.7607419788837,2.1324908733368,2.5399092435837,0.11956665106118,1.6660200059414,0.30547874420881,0.648378059268
0.017786929849535,0.19954303652048,0.32600346207619,3.5574413537979,0.31174102798104,1.7812499701977,2.0225719511509,1.4092015773058,0.12105940654874,0.85791907459497,0.30514327436686,0.58566461503506
0.02082129009068,0.20883665978909,0.85159505158663,4.6883018016815,1.0820881873369,1.7773430049419,2.5430626869202,1.0299268215895,0.11818546056747,0.53138609975576,1.1692205518484,0.69097079336643
0.016239990014583,0.18653589859605,0.77546487748623,4.1218052506447,0.82254092395306,1.7773430049419,7.1379437446594,7.9364086687565,0.11811178736389,3.393271908164,4.5465875715017,3.7922861278057
0.016016120556742,0.18873887136579,0.38592348992825,3.2045829892159,0.19046152755618,1.7919920086861,7.2534055709839,11.903279066086,0.12668104283512,4.9782754182816,5.531043946743,4.6934083104134
0.016228270251304,0.18903080001473,0.31620788574219,2.9988785982132,0.18170548044145,1.8085939884186,7.1073538064957,8.7893105745316,0.13034802116454,4.7796995639801,5.5981292724609,3.576601088047
0.019506349693984,0.18934332951903,0.36411370337009,4.429181933403,0.56029417365789,1.7851560115814,4.3860625624657,12.373011350632,0.15287506021559,4.8115141391754,4.9001597762108,2.6700799465179
0.021205930504948,0.18899261951447,0.31180661916733,3.6007077693939,0.20940824225545,1.7685539722443,4.9109630584717,12.421254873276,0.18524214997888,4.9667239189148,4.6174719333649,2.741161853075
0.016334029845893,0.18930910900235,0.32547791674733,2.839886367321,0.29899745807052,1.7871089875698,4.1699713468552,9.3588359355927,0.13556554913521,4.6201991438866,3.0371298193932,2.321719288826
0.016078379936516,0.18723206967115,0.55856206268072,1.3769419454038,0.30168796703219,1.805664986372,2.1069750189781,1.8866566121578,0.11907185986638,2.8963180184364,1.3484268337488,2.8017969727516
0.015963289886713,0.37459420412779,0.34347492456436,0.53314947150648,0.35534348711371,1.7958980202675,1.7031286656857,0.91157653927803,0.11469593830407,2.186413705349,1.4551541507244,1.1593980789185
0.018415639642626,1.0082605630159,0.36089117825031,0.76891587674618,0.48185136169195,1.8144540190697,1.690530538559,0.98571534454823,0.14019910059869,0.84321286529303,1.3562346696854,0.69269721210003
0.019902500323951,0.41940500587225,0.3797310590744,0.59355220384896,0.23282901570201,1.7851560115814,1.6677255928516,0.97140248119831,0.1221362054348,0.51787769794464,0.32771387696266,2.0286574363708
0.01637199986726,0.27103319764137,0.28555849194527,0.33550583850592,0.35915621370077,1.7607420086861,1.57583963871,2.1325814425945,0.13143660128117,0.42618270218372,0.30601643025875,2.1416738629341
0.016891989856958,0.27585629373789,0.36215032637119,0.3691444597207,0.46881609410048,1.7568369805813,1.6774260997772,2.5309494137764,0.17593020945787,0.40738911926746,0.30619087070227,1.36537155509
0.045519650448114,0.38418056070805,0.53139925003052,0.34457613481209,0.38333562016487,1.7871090173721,1.6313618719578,2.5061119794846,0.14540933258832,1.6476353406906,0.30670557916164,0.6704449057579
0.022033020388335,0.50417252629995,1.2321626842022,0.65123999770731,0.46027476340532,1.8134779930115,4.306300163269,2.5748304128647,0.15089816227555,2.2093075215816,0.31048509478569,0.72212234139442
0.11558940680698,0.46600998938084,0.97800444066525,2.0253994166851,0.45920468866825,1.8056640028954,1.6970213651657,2.5401540994644,0.13869503885508,1.7181890904903,0.3072174936533,0.74690213799477
0.021799279842526,0.5410563647747,0.51241539418697,0.72974803717807,0.40380815416574,1.7734380066395,1.5751743614674,2.4685938954353,0.13349064253271,1.8030472099781,0.30604026466608,0.83869680762291
0.016266909893602,0.49819333851337,0.34536553174257,0.4786478439346,0.29296807944775,1.8076169788837,1.6343652904034,2.5719227194786,0.12887956760824,1.821665763855,0.30538902431726,0.78761172294617
0.015596480108798,0.21429202333093,0.33766146749258,0.32097961567342,0.2195540741086,1.8017570078373,1.6704921722412,2.5710716843605,0.13571661897004,1.7263644635677,0.30649841576815,0.81288938224316
0.015385990031064,0.20105093717575,0.2935933843255,0.46200889488682,0.22004389762878,1.8017579913139,1.5739224851131,2.5669544935226,0.12715813145041,1.792300850153,0.30749896913767,0.82125888764858
0.016050850041211,0.18287977948785,0.28846720978618,0.25615137722343,0.21971127018332,1.7832019925117,1.6994081437588,2.5546402335167,0.14078862778842,1.8614499568939,0.30767720937729,0.76384927332401
0.016248509753495,0.17815199866891,0.28557957336307,0.89762589335442,0.22016756236553,1.7910160124302,1.630156904459,2.5598998069763,0.12565298005939,1.7534128129482,0.30704782903194,0.82495062053204
0.016947109717876,0.17854144051671,0.25194616988301,1.1276276372373,0.22681629657745,1.7841800153255,1.5817724466324,2.4687297344208,0.12385713867843,1.7541689276695,0.30678629130125,0.79315932095051
0.017140700016171,0.21114690229297,0.34780066087842,3.9415082335472,0.27199813723564,1.7656249701977,1.6524879932404,1.3870152533054,0.12215114198625,0.8628391623497,0.30591887235641,0.70243561267853
0.018296240130439,0.2420992217958,0.47446952015162,4.5918735265732,0.74003368988633,1.7636719942093,3.9413446784019,1.2864054143429,0.12708770669997,0.59096414595842,1.3957880139351,0.77971866726875
0.015542780281976,0.22514633089304,0.35658758878708,3.037616610527,0.22533361241221,1.7734380066395,4.7195684313774,1.5485552698374,0.13440334238112,1.7420302629471,3.8970683217049,3.2412823140621
0.015695780050009,0.42479430511594,0.36081523448229,2.8509313464165,0.21538927778602,1.7851559817791,4.6226406693459,1.3062269389629,0.12298438325524,2.8314669132233,0.80901908874512,3.0823391675949
0.01572359027341,0.3955739736557,0.32772743701935,3.4035880565643,0.21677661500871,1.7802729904652,3.7880520224571,1.0654582679272,0.12291348166764,3.0164152383804,0.87842059135437,1.9372353553772
0.016177280340344,0.66561116278172,0.29998224228621,3.388113617897,0.30253883823752,1.7626950144768,4.8539270162582,0.96440272033215,0.12322155945003,4.6799540519714,0.89831563830376,1.9227344989777
0.016372319776565,0.74955509603024,0.34651777148247,3.1412730515003,0.21634349226952,1.758789986372,3.3430902957916,0.95567698776722,0.12435010075569,4.8936493396759,2.0172052681446,1.3948161900043
0.015947839710861,0.34186910092831,0.32527275383472,1.0542914792895,0.20781745761633,1.7578129768372,3.2619220614433,1.018830537796,0.13401752524078,5.1749036312103,3.2085246443748,1.1229872107506
0.019284749869257,0.50264757871628,0.3987250328064,0.54997275024652,0.20791472867131,1.7822259962559,1.6820597648621,1.0049694776535,0.12659235484898,3.8170545697212,1.5253866910934,2.3963861465454
0.019111110363156,1.20009547472,0.37822495400906,2.6661859750748,0.22374697774649,1.7626959979534,1.7173347175121,0.96620607376099,0.19627778790891,2.3207324743271,1.7190981507301,0.91287799179554
0.019232190214097,0.60720915347338,0.34184210002422,1.4547925442457,0.22972586378455,1.7773430049419,1.7215138673782,0.99023734033108,0.17631814815104,0.74819031357765,0.34889061003923,0.71996527910233
0.017266739625484,0.44513694941998,0.37134310603142,0.58783274935558,0.99837618693709,1.7832019925117,1.5373090207577,0.99893890321255,0.13889376632869,0.51271349936724,0.31464419513941,0.7351503521204
0.019018590450287,0.27613949775696,0.38066115230322,0.45209240540862,1.0307768434286,1.7851570248604,2.3726026415825,2.0590993613005,0.12768189050257,0.76590955257416,0.31537384539843,0.69180803000927
0.030649619176984,0.49462054669857,0.37295018881559,0.38791423011571,1.4767379686236,1.7822259962559,2.6127705276012,2.4789513349533,0.12304303981364,0.88238249719143,0.3153703212738,0.69027969241142
0.021119450218976,0.69261053204536,0.42400471866131,0.4984815758653,0.42453891783953,1.7851560115814,1.6272732615471,2.4761912822723,0.12321896106005,1.3463841676712,0.31602028012276,0.77973248064518
0.30335739580914,0.77335044741631,1.0992008522153,0.51125517487526,0.39049806445837,1.8115240037441,1.6304977536201,2.528813958168,0.13706892356277,1.9751488268375,0.31088034063578,0.78261421620846
0.021843839902431,1.2332434952259,0.52919857949018,1.5576740205288,0.42000319808722,1.8076170384884,1.7008877396584,2.4940447211266,0.13386296108365,1.7150468826294,0.31108295917511,0.8000196069479
0.022009700071067,0.57889665663242,0.35890152305365,0.39826056361198,0.33147310465574,1.8134770095348,1.6456488668919,2.4968667626381,0.12039428204298,1.8548606336117,0.31075904518366,0.84418554604053
0.021005089860409,0.52821186184883,0.29959579184651,1.1219954788685,0.2333050519228,1.7851559817791,1.6084550619125,2.4092621803284,0.12100125290453,1.8663578033447,0.31404341757298,0.74522741138935
0.020909190177917,0.53215396404266,0.38005704432726,0.45694931223989,0.2323519513011,1.7822259962559,1.69614559412,2.5381025671959,0.13256620056927,1.7390652894974,0.31218364834785,0.80447159707546
0.020952769555151,0.53917396068573,0.27679099887609,0.58482605731115,0.23006410710514,1.7753910124302,1.5778722167015,2.4709669351578,0.13318691775203,1.791680753231,0.31348696351051,0.82339197397232
0.020955610554665,0.51224745064974,0.2741737626493,0.53937477245927,0.2425940297544,1.791993021965,1.5655288994312,2.4640325307846,0.12228371948004,1.8661827743053,0.31418146193027,0.73885886371136
0.020995320286602,0.37862323224545,0.35505844652653,0.98746649175882,0.25037425756454,1.8027340173721,1.6765592098236,2.4860948324203,0.12315622717142,1.806659668684,0.31349289417267,0.83194974064827
0.020892459899187,0.31245637685061,0.23084427043796,0.72578595206141,0.81534245610237,1.7910160124302,2.263632953167,2.4854546785355,0.13499018922448,1.7288475036621,0.31205168366432,0.78390894830227
0.019977580290288,0.32738404721022,0.26903158053756,3.9752671718597,0.53089460730553,1.7695309817791,2.1886309981346,1.2434742003679,0.13409914076328,0.86691273748875,0.31310059130192,0.68945752084255
0.0201849299483,0.3560179322958,0.47858221828938,4.9145489931107,2.0034272149205,1.7753910124302,3.0662556290627,1.2621669620275,0.12009494192898,0.62641480565071,0.77596358954906,0.78601029515266
0.015480790287256,0.44039548188448,0.3291919901967,3.0141467452049,0.70736770704389,1.7763679921627,3.2703905105591,8.4499459266663,0.12423376180232,1.6702243164182,4.9988560080528,4.8290188908577
0.015767650213093,0.37857037037611,0.40278334915638,3.3714458346367,0.23413557559252,1.7783210277557,2.6252139210701,10.751338243484,0.1211981382221,2.2049118876457,6.2212719917297,4.3694644570351
0.016021700110286,0.23993625491858,0.40202179551125,3.2311084866524,0.20300572738051,1.7802720069885,2.3180986046791,11.202829360962,0.13975105062127,3.0222082436085,6.7427045106888,4.9522888660431
0.015788880176842,0.28900460153818,0.36984176188707,3.2061827778816,0.19450083933771,1.7509759962559,2.2822712659836,11.763330936432,0.12699923850596,3.9771117568016,6.2136781215668,3.8625218868256
0.015619319630787,0.19279180839658,0.31031677871943,1.6838042140007,0.26075148954988,1.7587900161743,2.0611496865749,11.882455825806,0.12082085199654,4.0935654044151,5.5168126821518,5.6465259790421
0.015806889859959,0.12168763764203,1.9278324246407,2.044645011425,0.33922904357314,1.7597660124302,1.7683838903904,9.9364266395569,0.12240290828049,4.6982864737511,4.6343348026276,3.6330651044846
0.015828310046345,0.11994221806526,1.8829855695367,0.63969171233475,0.30830573290586,1.7958979904652,1.726361989975,3.6870161294937,0.14183998852968,3.120562851429,1.9134870767593,2.6865729093552
0.021007319446653,0.11948202177882,0.39862439781427,0.42700618226081,0.26167657598853,1.7597659826279,1.699893862009,1.2174533307552,0.12187910825014,2.645142018795,1.8717232048512,0.98099613189697
0.016267470084131,0.28044198825955,0.38529498875141,0.8937716037035,1.5899594277143,1.7968749701977,1.7150466442108,1.1561259031296,0.12339239008725,1.2143352255225,0.82428976893425,0.80737496912479
0.016529189888388,0.27954552322626,0.49231214076281,0.45213340921327,1.5305353999138,1.8105470240116,1.7196409106255,1.1487497091293,0.13234955072403,0.40332575887442,0.31102415919304,0.90275286138058
0.016235769726336,0.30199886113405,1.0310103148222,0.48966610431671,0.58676489815116,1.803710013628,1.710683465004,2.2074736952782,0.1339066196233,0.42453551292419,0.30757193267345,1.6801174283028
0.016220270190388,0.36256569623947,0.40449248254299,0.42461595963687,0.41044890135527,1.7919920086861,1.7186737656593,2.5138382315636,0.12062934041023,0.48892572522163,0.30600114911795,2.0229267179966
0.016352740116417,0.35212943702936,0.32801914215088,0.49501301907003,0.40106049180031,1.7685550153255,1.6920077502728,2.5446646213531,0.20545965246856,1.4579396694899,0.30271917581558,0.64152546226978
0.017550829797983,0.27889034152031,0.42827141284943,0.90409123990685,0.32063496112823,1.8017570078373,1.7306802272797,2.5658972859383,0.14931919053197,1.878647506237,0.30608190596104,0.66883634030819
0.031395089812577,0.21657627820969,0.65379194915295,1.173268482089,0.36440223455429,1.7988280057907,1.7085144221783,2.5781002044678,0.13516447134316,1.8374392986298,0.30446239560843,0.85041801631451
0.015976080205292,0.35459258407354,0.52322633564472,0.45765349641442,0.27432779967785,1.7822259962559,1.6926380097866,2.5474847555161,0.1499184705317,1.902783036232,0.30211549252272,0.79290568828583
0.015571390278637,0.45873581618071,0.3720980733633,0.78373564872891,0.24783881381154,1.7792960107327,1.6689090132713,2.5691895484924,0.12702346779406,1.9055857360363,0.30405167490244,0.7629391849041
0.015579689992592,0.46994393318892,0.31608276814222,0.71550238877535,0.20624971389771,1.783203035593,1.6943212449551,2.511825799942,0.1262787990272,1.7715642750263,0.30647929012775,0.79802578687668
0.015519010135904,0.45938642323017,0.37087613344193,0.43154563056305,0.24825245887041,1.7802729904652,1.7069263756275,2.596212208271,0.12503038346767,1.8814532756805,0.30594499409199,0.72410351037979
0.015403519850224,0.42397556453943,0.38870778679848,0.38144775480032,0.20855876989663,1.7900390028954,1.6913010776043,2.6125692129135,0.14752354100347,1.8927927911282,0.30457795411348,0.77112175524235
0.015323519939557,0.46550963819027,0.39171443879604,0.91567282378674,0.20724097639322,1.8037099838257,1.7001397907734,2.6146340966225,0.12452147156,1.8245643079281,0.30522502213717,0.76911006867886
0.015372979920357,0.36641743034124,0.30720525979996,0.45837617665529,0.25179250538349,1.7949219942093,1.7013016343117,2.5550419092178,0.12454171106219,1.7459968626499,0.30765884369612,0.72015172243118
0.0181138003245,0.34844949096441,0.41382670402527,3.6672776937485,0.24704798310995,1.7812500298023,1.6693761348724,1.3927627205849,0.14190546795726,0.88521105796099,0.32089795917273,0.72713446617126
0.01865543005988,0.29586574435234,0.62672780454159,5.0997194051743,0.53352968208492,1.7773439586163,3.2825335264206,1.533677816391,0.1260156519711,0.64497699588537,1.4298588931561,0.73687578737736
0.015750099904835,0.21302780322731,0.43936055153608,3.2556750178337,0.24418915435672,1.7646489739418,4.6849589943886,9.1816417574883,0.1226913407445,1.6108880639076,5.5970737934113,4.4414753913879
0.015725330449641,0.11861910112202,0.30479916185141,3.2052369713783,0.20778397098184,1.7880859971046,6.1779149770737,10.757330775261,0.13723534159362,2.8450707793236,5.956779718399,4.7993178367615
0.015784580027685,0.49290300160646,0.39981837570667,3.3035119771957,0.21637222729623,1.7939459979534,6.0648730993271,11.777320861816,0.13048159331083,2.4879459142685,5.7205840349197,4.7815886735916
0.015737559879199,0.4464696533978,0.43309200555086,3.2650998830795,0.70023840665817,1.7832030057907,5.0154120922089,11.431450605392,0.12190501764417,2.279089897871,5.7386480569839,4.4712463617325
0.016030060127378,0.13375638984144,0.32707245647907,2.3848522603512,0.28930457681417,1.7744129598141,5.3251054883003,10.844384670258,0.13468297384679,1.9859941601753,6.3618878126144,4.2598081231117
0.019041490275413,0.12162446044385,0.33379221707582,1.0654916912317,0.51676223427057,1.7763659656048,4.349992275238,8.6669631004333,0.13226005621254,2.305650472641,4.5069788098335,3.1355287432671
0.016388210002333,0.11583520099521,0.53340664505959,0.9411680996418,0.87778060883284,1.8007810413837,1.7056983709335,4.488744199276,0.12506557069719,1.5148491412401,2.5288800597191,3.3079836368561
0.016258359886706,0.13489996828139,0.40349171310663,0.68562519550323,1.0992934554815,1.7929690182209,1.6279033720493,0.98565569519997,0.13393628783524,0.86547838151455,2.6189819574356,1.138763859868
0.019256870262325,0.46998304873705,0.27403535693884,0.97723749279976,0.9749993532896,1.8066409826279,1.6468252837658,1.0047069787979,0.13819102942944,0.82501617074013,1.4918293356895,0.70691946148872
0.016109699849039,0.31574973464012,0.3918155580759,0.62749252095819,0.4426284134388,1.8017579913139,1.649759978056,1.0005624443293,0.1242457497865,0.39046434313059,0.316371537745,0.62496057152748
0.016000450123101,0.50117597728968,0.32387613132596,0.43790357746184,0.62751894444227,1.8115229904652,1.6991185843945,2.1240218430758,0.13325983844697,0.38077085092664,0.30491854250431,0.67536839842796
0.015821300446987,0.43603617697954,0.65217532962561,0.45017333142459,0.36716949939728,1.8076170086861,2.1581568717957,2.4503344893456,0.13487867824733,0.41366502642632,0.30527853965759,0.62915082275867
0.015897950157523,0.460179425776,0.42946296930313,0.44135810807347,0.32431601732969,1.7919919788837,1.6541208922863,2.3735930323601,0.12278653867543,1.1441014632583,0.30475898087025,0.66690531373024
0.01605778047815,0.50332985073328,0.51671824604273,0.50741703482345,0.31954389065504,1.8164059817791,1.6677368879318,2.4953068494797,0.1401967573911,1.7609691917896,0.30808614939451,0.76759244501591
0.016082349698991,0.42448557168245,0.78595351427794,1.6103130728006,0.37862811982632,1.7949210107327,1.6196277141571,2.452141225338,0.13290772773325,1.777606099844,0.30544551461935,0.78717583417892
0.016337560024112,0.43706216663122,0.90658500045538,1.1388373374939,0.27378884330392,1.7910160124302,1.6229628026485,2.4542940855026,0.17262320034206,1.8447471559048,0.3021799325943,0.77115365862846
0.016412970144302,0.28164245188236,0.3923794105649,0.78629898186773,0.29787714779377,1.7919909954071,1.6515767276287,2.4796279668808,0.19207683764398,1.7942079901695,0.30503416061401,0.78487445414066
0.01577159948647,0.25417410209775,0.24433777481318,0.47880542464554,0.24360281229019,1.8027340173721,1.6167569160461,2.4947666525841,0.14022164978087,1.7261981070042,0.30593758821487,0.72352062165737
0.015587450237945,0.25067342072725,0.29326871782541,0.49958751583472,0.19906593114138,1.7890629768372,1.6475886404514,2.4415605068207,0.13109373115003,1.820123642683,0.30607578903437,0.79686889052391
0.01542896986939,0.22575515881181,0.34096525609493,0.51696234149858,0.24471725150943,1.7851559817791,1.6367470622063,2.4926708936691,0.15282171219587,1.8558818995953,0.30480944365263,0.75000222027302
0.015483089955524,0.22431158274412,0.265191975981,0.92601265758276,0.20167859643698,1.7851560115814,1.6328332722187,2.4772758483887,0.12608110159636,1.7924097180367,0.30463971942663,0.72927613556385
0.015347709646448,0.22745234146714,0.30783055722713,0.88959402684122,0.24477872997522,1.7792969942093,1.6373756229877,2.4509058594704,0.12853916920722,1.7280342280865,0.30527783930302,0.80300685763359
0.015505909919739,0.22585051134229,0.24616470187902,3.9872127175331,0.20140176825225,1.7900390028954,1.9504228234291,1.3113028109074,0.14785594120622,0.7624077796936,0.30463074892759,0.66093005239964
0.015508719952777,0.34086305648088,0.42243642359972,4.4468156099319,0.29393078386784,1.7568369805813,2.1692380905151,0.97032225131989,0.12351576052606,0.41793309897184,0.30433640629053,0.64562146365643
0.015515070175752,0.48578358441591,0.39567771553993,4.3509135842323,0.231206510216,1.7734380066395,2.1454662084579,0.93846739828587,0.12943835929036,0.32773719727993,0.30534132570028,0.68685398995876
0.015925239771605,0.13802840001881,0.31214601546526,3.3429874181747,0.23058423027396,1.7919920086861,2.1381655335426,1.4799269139767,0.14148649200797,0.35516887530684,0.3041363209486,0.6332028657198
0.016084069851786,0.12254680320621,0.42350168526173,3.4984575510025,0.18137107230723,1.7724609971046,2.1379556059837,1.9661172330379,0.1246560588479,0.40968773514032,0.3045834377408,0.77221263945103
0.016299119684845,0.55953247845173,0.87015388160944,3.1102451682091,0.23481064662337,1.8037109971046,2.1567032933235,2.0084839463234,0.13280344940722,0.44714779034257,0.3082796856761,1.0487005412579
0.0163290402852,0.90133444219828,0.92330554127693,3.154590845108,0.19125173054636,1.788085013628,2.1422474980354,1.6643981337547,0.13979930058122,0.39574977755547,0.35208452492952,1.142910271883
0.016380180139095,1.0679024159908,0.53046453744173,3.6482756137848,0.18884995952249,1.7773440182209,2.1612125635147,0.96845842897892,0.12645275704563,0.33892666548491,0.35269772261381,1.2103467732668
0.016041979659349,0.43470754474401,0.40153641998768,0.80863490700722,0.23638458549976,1.7812509834766,2.1770050525665,0.95374956727028,0.13885586336255,0.45768807828426,0.32928432524204,1.1963566541672
0.016172519885004,0.33725558966398,0.32686587423086,1.1516604423523,0.19520669057965,1.7900380194187,2.1668852567673,0.90208560228348,0.13924256153405,0.43748793005943,1.0224843919277,1.0964108109474
0.016217210330069,0.68574836850166,0.33767684549093,0.93882500380278,-264778.109540066,1.7949209809303,2.169213116169,0.96266730129719,0.12680782936513,0.40151069313288,0.53714746236801,1.1192058324814
0.016294930130243,0.59957447648048,0.28316381201148,0.59448288008571,-1.31315330788493,1.7890619933605,2.1598705053329,0.95099863409996,0.13634467124939,0.34916044026613,0.30413776636124,1.098763614893
0.016515750437975,0.41800017654896,0.49708785116673,2.3464532792568,-0.566492700949315,1.788086026907,2.1788023114204,2.1156654953957,0.13880725950003,0.41026417165995,0.30604131519794,0.93563781678677
0.57343642739579,0.27874397486448,0.409857198596,0.57112586684525,-0.267382258549331,1.7861330211163,1.9704982340336,2.4735805392265,0.1234815530479,0.4171424433589,0.30700118839741,0.75474281609058
0.016438289545476,0.40126891434193,0.72468915581703,0.39873005542904,0.164840522222224,1.7851549983025,1.6142335832119,2.4244021773338,0.13943508826196,1.0981269404292,0.30402718484402,0.67604748904705
0.018855020403862,0.63842757046223,1.3530163392425,0.52628692472354,0.21862975135446,1.8183590173721,1.6549808084965,2.4146814346313,0.13215648196638,1.7029327750206,0.3053597137332,0.72170728445053
0.021039619576186,0.74534726142883,0.56076673418283,0.92871223390102,0.18968823924661,1.796875,1.646510630846,2.4805732965469,0.1249675732106,1.8220390677452,0.30443406105042,0.8033535182476
0.016027930192649,0.51979553699493,0.33759596198797,0.69249691348523,0.18890259973705,1.7753910124302,1.616259098053,2.450134575367,0.14815698936582,1.8353026807308,0.30614771693945,0.72628331184387
0.015367660205811,0.58835437148809,0.35424938797951,0.31246842909604,0.23587999865413,1.7753899991512,1.6442923545837,2.4358028173447,0.12910568900406,1.7840504646301,0.30433992296457,0.77344664931297
0.015383630059659,0.22347337007523,0.39446334540844,0.45700504025444,0.18857474066317,1.7910149991512,1.6403284966946,2.5007075071335,0.12401010282338,1.7207153439522,0.30561631172895,0.78764609992504
0.015448399819434,0.20832002907991,0.26799271255732,0.39017188595608,0.18866635300219,1.7851559817791,1.6254560351372,2.4917647242546,0.17612455040216,1.8178883492947,0.3062135130167,0.70444564521313
0.015162200201303,0.17951824888587,0.3192308023572,0.45586570259184,0.20402832143009,1.7851549685001,1.6561354100704,2.4354766607285,0.19946797192097,1.8529882729053,0.30509480088949,0.79225970804691
0.037009500199929,0.18372032791376,0.37858080863953,0.72901979088783,0.22237634658813,1.7910159826279,1.6516785025597,2.4342161417007,0.14411387778819,1.7345570027828,0.30642529577017,0.7773330360651
0.015183879993856,0.18450335040689,0.2563155926764,0.50770928896964,0.19072796963155,1.8056629896164,1.6192466914654,2.4758058786392,0.13303914107382,1.739341288805,0.30673494189978,0.7030154466629
0.015273689990863,0.18136727064848,0.30536898970604,0.31418188521639,0.172346990555524,1.7675780057907,1.6011173129082,1.3109821528196,0.13524685055017,0.74965476244688,0.3068729788065,0.74341470003128
0.015393879963085,0.17542660981417,0.2988598421216,0.46195889031515,-0.0371622871607532,1.7519530057907,1.6199359297752,0.92809231579304,0.1469316855073,0.44168213009834,0.30595880746841,0.65705689787865
0.015433070249856,0.25808131694794,0.4387644007802,0.32548622461036,-0.42125898972154,1.7529299855232,1.6231606900692,0.94788330793381,0.12565951049328,0.30588851124048,0.30351483076811,0.63294221460819
0.015768809942529,0.54526636376977,0.42422287911177,0.46508861333132,-74163.1037979871,1.7626959681511,1.6234653890133,0.9122608602047,0.13851074874401,0.37309921532869,0.3042431846261,0.70362189412117
0.015822550281882,0.52287248522043,0.52281550318003,0.82961691915989,-4.81859089434147,1.7724599838257,1.6229994595051,0.8517886698246,0.13341313414276,0.42975819855928,0.30076050758362,0.67219661176205
0.015777770197019,0.60165505111217,0.41231466084719,0.39802711550146,-4.50794498156756,1.7656249701977,1.6291650533676,0.91766780614853,0.12345172837377,0.43213804066181,0.3007824420929,0.99031032621861
0.016106479801238,1.3381986320019,0.43268299847841,0.39007089566439,-7.40724166482687,1.7792959809303,1.6665220558643,0.95298521220684,0.14957716315985,0.3619933091104,0.30364134907722,1.0869722366333
0.01912602968514,2.1029002666473,0.33886332809925,0.25801798375323,-4.6351448148489,1.3408200144768,1.2470055520535,0.71385408937931,0.092380380257964,0.25316669419408,0.22807987779379,0.75913861393929
0.018694490194321,0.97409477084875,0.41066256910563,0.41052785469219,-7.4506406057626,1.8076170086861,1.7377533018589,0.93781642615795,0.13001613877714,0.41425108164549,0.30724137276411,1.0583003610373
0.016019759699702,0.62191229313612,0.26162771880627,0.45021834550425,-6.44705323316157,1.7958980202675,2.5337138772011,0.93398666381836,0.14754087477922,0.42616152763367,0.30706165730953,1.0013835281134
0.015564560191706,0.31471177190542,0.31302113085985,0.77841733209789,-5.42959421500563,1.7949229776859,2.4746358990669,0.88476634025574,0.12573383934796,0.34841638058424,0.30496949702501,0.87462785840034
0.018318200018257,0.29437725991011,0.52948042750359,0.5012452933006,-3.86609943583608,1.7832019925117,2.4537784457207,0.9658105224371,0.13580456003547,0.33711497858167,0.30456236749887,0.87853164970875
0.019161260221153,0.29642426222563,0.31980318576097,0.30055744200945,-1.68339893966913,1.7548829913139,2.0709226429462,2.0985181331635,0.13799603842199,0.45752108097076,0.30445243418217,0.78416752815247
0.025110390037298,0.50752969831228,0.37257459014654,0.40239685820416,-0.30219535157084,1.7509770095348,1.6164085865021,2.4467067718506,0.1240222286433,0.42535519599915,0.30426020920277,0.68908232450485
0.068544930778444,0.52181865274906,0.50870062410831,0.4235306927003,0.32830773107708,1.3339840173721,1.6122394800186,2.4317717552185,0.14142889529467,0.98781344294548,0.30291133373976,0.71295948326588
0.021913719829172,0.53419689834118,0.56110529601574,2.5099129080772,0.47208660840988,1.7900379896164,1.6278085708618,2.4468280673027,0.12827421352267,1.6412450671196,0.30442490428686,0.71401283144951
0.018978860229254,0.24171783775091,0.45802136510611,1.6985163972713,0.42871794849634,1.788086026907,1.6539707779884,2.3790794610977,0.12431208230555,1.770948767662,0.30624568462372,0.69949735701084
0.01595235010609,0.22022556886077,0.39622715860605,0.51441931445152,0.37461778894067,1.8007810413837,1.6535945832729,2.4701614379883,0.14788255468011,1.8462910950184,0.30640327185392,0.77029258012772
0.015586639987305,0.21881837025285,0.31405572593212,0.88732790574431,0.36914591491222,1.7558590173721,1.6360667347908,2.4547559022903,0.12293395958841,1.7045382559299,0.30601638555527,0.69475166499615
0.015353140188381,0.22415428981185,0.24396172165871,0.30558565817773,0.21254387125373,1.7734380066395,1.6422591805458,2.4661052823067,0.13041856884956,1.7252730727196,0.30572211742401,0.70286522805691
0.015300339786336,0.19969202950597,0.24168994277716,0.46242211991921,0.20710318163037,1.8007799983025,1.633472263813,2.4697295427322,0.14263751730323,2.3252963423729,0.30679401010275,0.75723025202751
0.015260830055922,0.18543928861618,0.31932474300265,0.45309830456972,0.21321509405971,1.7861320078373,1.6415100395679,2.4908433556557,0.1241570096463,2.5238771438599,0.3058505654335,0.67852579057217
0.015466919867322,0.17772376164794,0.21090316772461,0.81556308269501,0.24336553737521,1.7792969942093,1.9459100067616,2.4698956012726,0.13663570396602,2.4510853290558,0.30616638064384,0.7171415835619
0.015389670152217,0.18367310985923,0.28656063228846,0.48488836735487,0.20761007070541,1.765623986721,2.2128230929375,2.3833414316177,0.17834357917309,2.4216164946556,0.30604189634323,0.74001403152943
0.016481390222907,0.20999091863632,0.55144615471363,3.5424956083298,0.14867821987718,1.7529300153255,2.1484681367874,1.2513487935066,0.19482631608844,0.87090387940407,0.3347355350852,0.60230834782124
0.020512819290161,0.11565028131008,0.71828015893698,4.7132630944252,0.444281347096006,1.7548840343952,4.0492084026337,1.2567321956158,0.14193558134139,0.47137695550919,1.3062148690224,0.73539456725121
0.016909260302782,0.11630018986762,0.42640642821789,2.9416810870171,-0.00580562651155359,1.7802729904652,4.5511380434036,5.9291316866875,0.13667719624937,0.62590773403645,4.9232659637928,4.2529131770134
0.015461879782379,0.11368864029646,0.31941185891628,3.6013721227646,-1.62777873873707,1.7587890326977,7.1566160917282,9.500140786171,0.12811342068017,1.2050928026438,5.4362277388573,4.3149347305298
0.015731769846752,0.12144779972732,0.40279529243708,3.7134932875633,-3.82386927306655,1.7626959979534,6.8572525978088,9.020322561264,0.12538851238787,1.7247819304466,6.2671352624893,5.2129210233688
0.015779440291226,0.1142737288028,0.27700694650412,3.7080430388451,-2.05991642922163,1.765625,4.7813649773598,5.889065861702,0.14483476802707,2.1188864409924,5.2887493371964,4.8047474622726
0.015795359853655,0.11894275993109,0.3354247584939,2.5543183386326,-2.24965808913112,1.7695309817791,5.0533252954483,4.1744260787964,0.12767849862576,4.1622537970543,5.2748980522156,3.5256564617157
0.015841519925743,0.35701363161206,0.35318463295698,1.5597835406661,-2.44310397654772,1.7802729904652,4.0998656749725,4.1783024072647,0.1259672306478,3.5728041529655,3.6126983165741,2.9472619891167
0.019859879743308,0.11481688916683,0.34096034616232,0.54122197069228,-1.78125292807818,1.7988289892673,1.9990711212158,2.2685704827309,0.14804323762655,0.96407439559698,1.4376691579819,3.1478877663612
0.017012869939208,0.14059535041451,0.39675784856081,1.9433880448341,0.918407507240821,1.805664986372,1.6523735523224,1.1019910573959,0.12618910893798,0.61869063228369,2.1534778475761,2.3856136053801
0.016330710146576,0.31653864309192,0.3104844391346,0.82138444110751,-0.177786171436308,1.8076179921627,1.6677162647247,1.1064661443233,0.12754868157208,0.82664585113525,1.3298816531897,0.65568035840988
0.016617869958282,0.27010785788298,0.6448652073741,0.54184471443295,0.0993822086602466,1.8095700144768,1.6750692427158,0.92462059855461,0.14241718873382,0.57467617094517,0.30939196795225,0.67360004782677
0.016173269599676,0.26294673979282,0.68954437226057,0.29938584193587,0.204296760261063,1.7890630364418,3.2543553411961,2.1978255212307,0.12303946167231,0.47809483110905,0.30959533154964,0.64198552072048
0.016040970105678,0.32124426960945,0.62268333137035,0.62763282936066,0.31264280155301,1.7734370231628,3.6162948906422,2.5334996581078,0.12983244098723,0.49526480585337,0.30722299218178,0.56297145783901
0.017211099620908,0.53385733813047,0.42225195467472,0.38193601695821,0.36638552695513,1.7597659826279,1.6281495392323,2.492173075676,0.14538776129484,1.5705733001232,0.30696249008179,0.72921806573868
0.017284629866481,1.3687209486961,0.47463747113943,0.47038390813395,0.3952199742198,1.7939450144768,1.6584714651108,2.3411485254765,0.14724489860237,2.1219441890717,0.30705994367599,0.80476914346218
0.017078519798815,0.49712638556957,0.50539588183165,1.5651687979698,0.47801744192839,1.7988279759884,1.6830571293831,2.6873261630535,0.14844648912549,1.8508017063141,0.30786171555519,0.73705661296844
0.019791669677943,0.83939945697784,0.41462520509958,1.4875836074352,0.39820884913206,1.8085939884186,1.6598933637142,3.4074497818947,0.14356734976172,1.8135769665241,0.30931976437569,0.80813305079937
0.015943870414048,1.0370499938726,0.30009683221579,0.76168800145388,0.27348449826241,1.8007810115814,1.6539988815784,2.9368122220039,0.13655328936875,1.7146763205528,0.30710369348526,0.74050617218018
0.015586469788104,0.61375689506531,0.41826564818621,0.41177137754858,0.23502546176314,1.796875,1.6454500854015,2.5973648428917,0.13579037040472,1.7807583510876,0.30771947652102,0.67077408730984
0.015450519975275,0.27463168650866,0.31550682336092,0.49497285159305,0.23589633777738,1.7763669788837,1.640150308609,2.5854789614677,0.13480399362743,1.8455342948437,0.30640372633934,0.70164170861244
0.015230580000207,0.25896829739213,0.31960295885801,0.48936198791489,0.23748536035419,1.7792969942093,1.6540208756924,2.5973230600357,0.14556397311389,1.7450139224529,0.30953034758568,0.61063006520271
0.015144769800827,0.26727773621678,0.31821835041046,0.75644987402484,0.24629953876138,1.7802729904652,1.9290853142738,2.6226763129234,0.13967481069267,1.6175522506237,0.30728165060282,0.6618572473526
0.015296709956601,0.2631396651268,0.21578174084425,0.45778260147199,0.20103758759797,1.7724599838257,2.1088874340057,2.5655403733253,0.13363171182573,1.7113730013371,0.30607450008392,0.70049273967743
0.017261799890548,0.29377350956202,0.32575138658285,3.6528809666634,0.20826617162675,1.765623986721,2.0547100305557,1.3550038933754,0.12688029371202,0.81100243330002,0.34681706875563,0.55637441575527
0.020258360076696,0.29465636610985,1.2927483171225,4.7915549278259,0.190920740365978,1.7705070078373,3.7944722771645,1.2828435599804,0.16888612881303,0.46149186044931,1.5200062096119,0.72755055129528
0.01543571986258,0.54474908858538,0.50482403486967,3.9037591814995,-0.809426933526974,1.7695309817791,6.9182924032211,6.5510011911392,0.19393070973456,3.3767119944096,3.5624794960022,4.3417034447193
0.012037820182741,0.23453629761934,0.24647463858128,2.714586108923,-1.21711927652361,1.333006978035,4.1947890520096,6.4182344675064,0.12246799096465,3.3983979225159,3.0476057529449,4.2864389419556
0.015573590295389,0.19302229769528,0.28195992857218,3.4466584324837,-4.10308979079131,1.7890620231628,6.3324784040451,8.4492380619049,0.13071622885764,4.6657165288925,4.3642437458038,3.7566729784012
0.0157987002749,0.11855068057775,0.36910887807608,3.3952622413635,-5.75496511161327,1.7792959809303,5.9373055696487,8.8891648054123,0.1261006295681,4.1016088724136,5.1994285583496,4.1548464298248
0.018584799952805,0.1167339514941,0.24495774507523,3.3012409806252,-6.52383365854621,1.7626949846745,4.9467005133629,6.4381173849106,0.1400939989835,4.5764558315277,5.4197444915771,3.2719522714615
0.018594060093164,0.11036903969944,0.32683953642845,2.6911125779152,-8.06170280650258,1.8037109673023,3.7803389430046,3.7832653522491,0.13453971967101,4.2418843507767,3.8598924875259,2.8487738966942
0.016840900294483,0.11739614978433,0.38014081120491,0.99361875653267,-7.72133000940085,1.7978520095348,1.7226375043392,1.6921724379063,0.12460619024932,2.7678552567959,1.8270335793495,1.9390609562397
0.015986720100045,0.13527581095695,0.31164804846048,0.83523343130946,-5.94807558879256,1.7753909826279,1.5992876291275,1.0493490695953,0.1255063470453,1.070071965456,2.8789902925491,1.2687735706568
0.016585679259151,0.39235918968916,0.35970390588045,0.91290697455406,-3.33492814004421,1.8076170086861,1.6262705028057,1.0700335800648,0.139295399189,1.026842802763,1.5825349166989,0.65893885493279
0.016621580347419,0.26889777928591,0.26660402491689,0.59809338673949,-3.14456471800804,1.8115240037441,1.5990971326828,1.0455237776041,0.12558154202998,0.48976474255323,0.31035106629133,1.1663278192282
0.39932078262791,0.2567459307611,0.36368176341057,0.46865892177448,-0.516076788306232,1.8007810115814,2.3075832724571,2.107030570507,0.11997474916279,0.45329022407532,0.30887898802757,2.066677749157
0.01978250965476,0.38400313258171,0.27657448872924,0.2667517689988,0.10793228447437,1.7998040318489,2.7903246879578,2.4737089276314,0.12077649123967,0.35506977885962,0.30664616823196,1.8806549608707
0.019968349486589,0.54911670833826,0.43602918833494,0.42304885108024,0.371947741135952,1.7910150289536,1.6308218538761,2.4672531485558,0.12815628014505,1.1694235727191,0.30551141500473,0.56777164340019
0.019835569895804,0.64659082889557,0.90065281838179,0.45162383513525,0.4485677704215,1.8291009962559,1.6109277009964,2.5536572337151,0.13922348432243,2.1795811355114,0.31010106950998,0.5802405923605
0.019130539614707,0.62618334591389,0.65808962285519,1.634755641222,0.45421526581049,1.807618021965,1.5990114212036,2.5019505023956,0.12190765328705,1.7051858603954,0.30963441729546,0.671720713377
0.016099439933896,0.5832422375679,0.38811814039946,1.1274842321873,0.44175133109093,1.7978509664536,1.6161032915115,2.4756724834442,0.13652618229389,1.6474847495556,0.30747378617525,0.60019727051258
0.016090350225568,0.2577285207808,0.29249047115445,0.63959669880569,0.27141404896975,1.7861329913139,1.5895144641399,2.4874925017357,0.1331935506314,1.812151402235,0.30650939047337,0.61634700000286
0.015656619798392,0.25562107935548,0.36774649471045,0.41922713350505,0.21876671165228,1.8027339875698,1.5864371061325,2.441107571125,0.12328827008605,1.7534705400467,0.30699829757214,0.66322110593319
0.015093109803274,0.2188870087266,0.26810479164124,0.48436474101618,0.19472816213965,1.798828035593,1.6086572706699,2.560504257679,0.12848922796547,1.7137030363083,0.3075936883688,0.56732740998268
0.014943720074371,0.21790977939963,0.35556481778622,0.47568825259805,0.21836953237653,1.7929680049419,1.6114444434643,2.5264865159988,0.14295538142323,1.793931633234,0.30751917511225,0.65596994757652
0.014978219987825,0.21340928971767,0.28770231083035,1.0147424861789,0.21848830208182,1.7861320078373,1.8958911001682,2.5173090100288,0.1240751016885,1.8359150290489,0.30903388559818,0.61059379577637
0.014955749968067,0.21242966130376,0.25735145434737,3.1352975070477,0.21245418488979,1.7705079913139,2.1216813325882,2.4913083314896,0.1228481978178,1.6976181864738,0.30687628686428,0.58187562227249
0.015742730349302,0.22529827058315,0.60452374815941,3.5753422379494,0.160981418564913,1.7597659826279,2.1162534952164,1.345273822546,0.14216600358486,0.60913968831301,0.30788477510214,0.6194294989109
0.024403200251982,0.18510755896568,1.2577555626631,4.5197139978409,0.203520916402343,1.7792969942093,2.5087166428566,1.3982798308134,0.12230131961405,0.5254922285676,1.263861104846,0.58796974271536
0.015084129758179,0.33978799916804,1.0791388452053,2.6029844582081,-1.14248373731971,1.7880849540234,2.9271908402443,3.5887666344643,0.12140577100217,1.7780312746763,6.0849578380585,4.0970925986767
0.015500079840422,0.25858450308442,0.29823140054941,3.4925633072853,-3.7982948217541,1.7695309817791,3.056714951992,3.9350525140762,0.13419092074037,2.7309089899063,6.3029344081879,4.4284809827805
0.015196509892121,0.93127748370171,0.32910754904151,3.007316172123,-5.99319964274764,1.7558590173721,3.5123269557953,4.316374540329,0.13456067815423,3.1073305606842,6.4667299985886,4.6294747591019
0.014507399871945,0.8842788785696,0.3417808227241,3.214693069458,-6.60505507141352,1.7919920086861,3.2492281794548,4.3609591722488,0.16309161111712,3.4124550819397,6.1682360172272,3.4952885806561
