29,31,32,33,1,36,11,23,17,10
0.26686698384583,0.35509911179543,0.47766494750977,0.35756222484633,-0.173299010843043,1.7753899991512,3.0955593585968,0.12035906687379,0.27980004623532,1.5596410185099
0.023856570012867,0.3904440626502,0.42395651340485,0.37581548560411,0.280194369726819,1.7792969942093,1.6086302995682,0.12097157165408,1.621574729681,0.73584659397602
0.023471280466765,0.95436979830265,0.6262491941452,0.34969857428223,0.44876804202795,1.7998040020466,1.5900957882404,0.12329120002687,2.0254521965981,0.73701417446136
0.023746270220727,0.70563945174217,0.74430608004332,1.1040319427848,0.44815009087324,1.7646479904652,1.5527536273003,0.12066931650043,1.6575028300285,0.70228417217731
0.024289630353451,1.1028578132391,0.94454954564571,1.0546663179994,0.38549980148673,1.7910160124302,1.4697691202164,0.22749322466552,1.8484840989113,0.77628839015961
0.02435483969748,0.33781558647752,0.36266499012709,1.1167586147785,0.2525398209691,1.805664986372,1.5811367630959,0.12467641197145,1.7062278687954,0.63918823003769
0.02317828964442,0.25552989542484,0.23294307664037,0.61936102062464,0.20535820163786,1.7929679751396,1.421688169241,0.12278444133699,1.6838845312595,0.68069498240948
0.022944139782339,0.23967848345637,0.34130681306124,0.37867220584303,0.17311285063624,1.7871100306511,1.6054114699364,0.12615864165127,1.8206036686897,0.66440445184708
0.022780530154705,0.2248112782836,0.26226629316807,0.57211135653779,0.20696569979191,1.7958989739418,1.419297516346,0.12551585026085,1.6910675764084,0.63695381581783
0.022929619532079,0.21951796114445,0.26667013019323,0.50680000754073,0.22964762896299,1.8037109673023,1.5891658067703,0.12276520952582,1.6573047041893,0.71916911005974
0.022983130067587,0.21760096028447,0.24478695169091,1.0113068930805,0.20317079126835,1.7880849838257,1.4058105647564,0.12097087129951,1.809541374445,0.63221108913422
0.032296260353178,0.25436559692025,0.22206785157323,3.804944217205,0.177594189532104,1.7568349838257,1.9081159234047,0.12041132897139,0.91340606659651,0.63152661919594
0.025321700144559,0.26586716622114,0.85568483918905,4.4678137302399,0.734761185944117,1.774414986372,2.0000920295715,0.1207748670131,0.43310940265656,0.65237207710743
0.023168100044131,0.20073928311467,0.75896865129471,3.2602378129959,-0.74282157421112,1.7783200442791,2.0699222683907,0.11609837971628,1.6524583101273,3.8650463223457
0.02319651003927,0.19962725788355,0.44112393260002,4.1686814427376,-3.27751759439707,1.7714839875698,1.9836866259575,0.11625412851572,2.6297749876976,3.5908018946648
0.017152819782495,0.15183953940868,0.21949769929051,3.2127425074577,-3.72285155579448,1.312501013279,2.2957244515419,0.097878398373723,1.9599522948265,3.2480075359344
0.022741879802197,0.20315542072058,0.32812378183007,3.8320260047913,-6.29965912550688,1.7607420086861,3.2128278613091,0.12279903888702,3.9440357685089,2.3781107366085
0.022424590308219,0.20248858258128,0.27847905084491,3.495935857296,-7.17873650044202,1.7998040020466,2.6234922409058,0.12356183119118,4.7308579683304,2.6442324519157
0.025879390072078,0.20259870961308,0.3353058770299,2.3946535885334,-7.58149351552129,1.7998040020466,2.0528573989868,0.12424015253782,5.1723055839539,3.1803012490273
0.024495599791408,0.20099930092692,0.35555730760098,2.0317736268044,-7.49923758208752,1.8105469942093,2.1086101531982,0.12419804930687,3.1196487545967,1.920548081398
0.023478030227125,0.29121048003435,0.32691755890846,1.2034719958901,-6.30750920623541,1.7675789892673,2.0606253743172,0.11842172965407,3.0134730935097,0.76020592451096
0.022890060208738,0.37015138566494,0.41231255233288,0.57642164640129,-4.65815272927284,1.7978520095348,2.0471315681934,0.11879876628518,1.2616572901607,0.64574058353901
0.023075399920344,0.26890419051051,0.3692861199379,0.79573666490614,-3.52828066423535,1.7929690182209,2.097803413868,0.11742092110217,0.36122601479292,0.60610157251358
0.023067600559443,0.25980273634195,0.36025719344616,0.32479915395379,-1.48388584703207,1.7783189713955,2.0331835746765,0.118029108271,0.35998211801052,0.52906587719917
0.77195177972317,0.2580832913518,0.46615321189165,0.34089482622221,0.0325197428464935,1.7626959979534,1.8506298065186,0.11645368859172,0.283592492342,0.60500195622444
0.030400819610804,0.32516535371542,0.53515192121267,0.40901193441823,0.408009469974782,1.7841789722443,1.4829664826393,0.11648600921035,1.668736115098,0.62996922433376
0.029153880197555,0.46987356245518,0.54926262050867,0.43570635095239,0.41496606171131,1.8046869933605,1.6435266137123,0.11964208073914,2.0444107353687,0.62921893596649
0.02843894995749,0.59110608696938,0.83753137290478,1.6379827708006,0.4589960873127,1.7900380194187,1.4482003748417,0.12204925902188,1.675894767046,0.72060336172581
0.028132759965956,0.35738255083561,0.57137948274612,0.9026475995779,0.40179140120745,1.7871090173721,1.6306866109371,0.12581635825336,1.8155758082867,0.62693776190281
0.028601080179214,0.22258492186666,0.46983422338963,0.77654945198447,0.2098217010498,1.796875,1.4965277910233,0.12652427889407,1.7119133770466,0.67692884802818
0.023577290587127,0.21607571467757,0.44181746244431,0.5582967735827,0.21077481657267,1.7939450144768,1.6183425188065,0.12348569743335,1.669136762619,0.67859244346619
0.023124560248107,0.19624029099941,0.46926271170378,0.48790479265153,0.21295146271586,1.7939460277557,1.495759755373,0.1208109408617,1.8141941130161,0.62711599469185
0.023161810357124,0.18193933740258,0.3788640871644,0.35977473948151,0.18146526813507,1.7861329913139,1.5940102934837,0.1214859392494,1.6992852687836,0.7021608799696
0.023221270181239,0.17843519896269,0.46390673518181,0.49818112142384,0.2050544694066,1.7900400459766,1.5218050479889,0.12098588980734,1.6493027210236,0.6385153234005
0.023160789627582,0.18034467101097,0.22141802310944,0.80592056363821,0.23274943605065,1.7753909826279,1.5417287051678,0.11915068887174,1.8230642974377,0.63810138404369
0.024532820098102,0.22157295793295,0.20443702116609,3.6161522269249,0.263427998870613,1.7724609971046,1.9060035049915,0.16446839086711,0.88811478018761,0.64223447442055
0.028707940131426,0.28959358483553,1.2106651291251,4.5536968111992,-0.164133265614506,1.7705080211163,3.7987810969353,0.15771604795009,0.45618207752705,0.60952037572861
0.023713080212474,0.13780758157372,0.9749341905117,4.6362619400024,-1.18747248873115,1.7636719942093,4.2604775428772,0.13211657851934,1.5719068646431,3.3161428272724
0.011741199996322,0.070693038403988,0.19775028526783,1.8051177859306,-1.36538865044713,0.87695300579071,2.5026755332947,0.069563508033752,1.4538680911064,2.6006853580475
0.024522040039301,0.13864159025252,0.45483608543873,2.6628324985504,-5.09118711575866,1.8037109673023,3.7512660622597,0.12198078911752,3.3772692084312,2.6188793182373
0.023878820240498,0.13834831863642,0.49356261640787,3.3996025919914,-6.6026506125927,1.7851569950581,4.7972200512886,0.12083435244858,4.0566836595535,2.1400797069073
0.023509450256824,0.13642118126154,0.42780683189631,4.0135898590088,-7.00889867171645,1.7666009962559,3.6070708036423,0.10692050028592,3.4049034714699,3.2671692967415
0.023583939764649,0.13887184858322,0.28329342976213,2.4598662853241,-7.51775731146336,1.8105460107327,3.52140635252,0.10988241340965,4.354131102562,2.3094009459019
0.027510869782418,0.13866450078785,0.43552716821432,0.50776464492083,-7.00356692820788,1.7988270223141,2.5751229524612,0.12002849020064,2.9053656458855,1.889353364706
0.027600939851254,0.1641119197011,0.90635359659791,0.4781193099916,-3.1728939935565,1.8085940182209,2.3283697366714,0.12220781110227,0.48174411803484,0.80333469808102
0.023641860112548,0.23172806203365,1.1063791289926,0.57348779216409,-3.61048502102494,1.8046880066395,2.1773952841759,0.12334619089961,0.38618193566799,0.62282826006413
0.025787800550461,0.26127617806196,0.35127952694893,0.86105336248875,-2.42157177813351,1.7890610098839,2.1014474034309,0.12606807984412,0.40412791073322,1.217325180769
0.025028730276972,0.2776582762599,0.48690497875214,0.43962767720222,-49718.0008803159,1.7626960277557,2.2542343735695,0.13038941845298,0.40862329304218,2.1335316896439
0.017316600307822,0.42657332867384,0.54976736009121,0.3847546800971,-0.342765774577856,1.7587890028954,3.9674174189568,0.12277778051794,0.30723407864571,2.1237955987453
0.019227519631386,0.63335637748241,0.42061649262905,0.32525381073356,0.349770870059726,1.7802729904652,2.4216602444649,0.11777828074992,1.3171317353845,0.71684703230858
0.019955440424383,0.69501756131649,0.57602448761463,0.38894184306264,0.32375794649124,1.8017580211163,1.5708055198193,0.11765796691179,1.7709117233753,0.5753081291914
0.016431380063295,0.68273324519396,0.37117103487253,0.59947826713324,0.26787460967898,1.805664986372,1.4908769130707,0.11887365020812,1.6718198657036,0.66303117573261
0.016218489967287,0.58847756683826,0.31821356713772,0.68532948195934,0.30398331955075,1.786131978035,1.6287241578102,0.11818232387304,1.8219022452831,0.61667612195015
0.016042749863118,0.60754427313805,0.36543037742376,0.39014022797346,0.25091711804271,1.7851550281048,1.461000919342,0.1210553124547,1.7896102964878,0.64594241976738
0.015447980025783,0.53815807402134,0.25450352579355,0.3624270260334,0.15397067181766,1.796875,1.6312138736248,0.1263330578804,1.6825822293758,0.69949024915695
0.015349470078945,0.2027631290257,0.34409710764885,0.47643603384495,0.19595135748386,1.7773439884186,1.6037959456444,0.12851956114173,1.7784420251846,0.62672504782677
0.015206820098683,0.17931110039353,0.2763529792428,0.47956885397434,0.18629051931202,1.8066399991512,1.5413799285889,0.127516169101,1.7814605236053,0.69811426103115
0.01517226989381,0.21887814253569,0.25142000615597,0.63095503300428,0.16378015838563,1.7802729904652,1.6652046144009,0.12136843241751,1.6729969084263,0.64559262990952
0.015094120055437,0.21539938077331,0.25630642473698,0.76604839600623,0.19685016945004,1.7734369933605,1.5112008452415,0.1226195525378,1.7440904378891,0.64194138348103
0.015059479977936,0.20240877568722,0.22061082534492,0.39340306678787,0.150139663368464,1.7890630364418,2.0549718439579,0.11935319937766,0.95646976679564,0.65854580700397
0.016599740134552,0.18203261122108,0.27510997280478,0.36324376612902,-0.279887683689596,1.756836026907,2.1554931998253,0.1246417760849,0.27470731735229,0.53226758539677
0.029097710037604,0.17959869652987,0.28581082820892,0.36682248255238,-1.36530920118094,1.7578120231628,2.1405813097954,0.12066227756441,0.39067838340998,0.59737907350063
0.0171202798374,0.95161193236709,0.58183514326811,0.36678407806903,-3.47020877152682,1.7617189884186,2.1599591374397,0.12098436057568,0.34474229812622,0.59311643242836
0.016968680080026,1.0380383580923,0.43780528753996,0.5863923584111,-5.38131976127625,1.7734370231628,2.1585792899132,0.11956434138119,0.29388516023755,0.54055942595005
0.015404009493068,0.2661052942276,0.37855818867683,0.64512810111046,-6.75210148841143,1.8027330338955,2.1396923065186,0.1256854776293,0.37576550990343,0.64000779390335
0.015629560453817,0.73961501196027,0.3130861595273,0.36393865942955,-7.38770176097751,1.8144530057907,2.1247496902943,0.1279689501971,0.39035782963037,0.55531205236912
0.015770949888974,0.12209751084447,0.3406792357564,0.35300921648741,-7.39314426481723,1.8125000298023,2.1752527356148,0.12613863311708,0.28543491661549,0.58919590711594
0.018442030064762,1.1013905070722,0.35331017524004,0.35776755958796,-7.35783686488867,1.8007800281048,2.1064836382866,0.17377102933824,0.37975557148457,0.6105722039938
0.015248930081725,0.35493548959494,0.24146866425872,0.35853173583746,-6.21749141067267,1.8134759962559,2.2114287614822,0.17752261087298,0.40585254877806,0.54708117246628
0.015347019769251,0.43756356090307,0.43008618801832,0.61816940456629,-4.86149355396628,1.7822249829769,2.153990983963,0.13249053061008,0.30307057872415,0.6367447078228
0.015191820217296,0.48018217086792,0.36045245826244,0.67097871005535,-3.50244528613985,1.7744129896164,2.1621789336205,0.11351665109396,0.32311308383942,0.57384641468525
0.015237429644912,0.455870449543,0.42307340353727,0.384267359972,-1.23575767874718,1.7529299855232,2.1542637348175,0.11173383146524,0.42049448937178,0.58428047597408
0.015123229939491,0.69482059776783,0.51907213777304,0.53729793615639,0.445845121517777,1.7480469942093,1.7790829241276,0.13365068845451,0.3193811327219,0.62964941561222
0.015236020088196,0.58075544238091,1.3809483125806,0.32917608134449,0.45262741297483,1.7822259962559,1.5771068632603,0.12888455949724,1.1344236731529,0.586839646101
0.015335639938712,0.48957926034927,1.5607561022043,0.44712215662003,0.23183923214674,1.8017580211163,1.5462953448296,0.11827398091555,1.8199315965176,0.717419475317
0.015493089798838,1.1610413342714,0.97508570551872,3.1473262906075,0.33221118152142,1.7841789722443,1.5581278204918,0.11754887923598,1.7341402471066,0.66563242673874
0.015704659977928,0.76100528240204,0.44301030784845,1.6072628446855,0.29085220396519,1.7900390326977,1.6620447039604,0.11882578209043,1.6703794300556,0.64668184518814
0.015557270031422,0.50234115868807,0.33185388147831,0.47185593470931,0.30771137028933,1.8007810115814,1.5045905709267,0.12026694789529,1.8321035802364,0.72045390307903
0.015209350036457,0.48907616734505,0.37067875266075,0.41524964570999,0.19792356714606,1.7910149991512,1.6664278209209,0.11996182054281,1.9456725418568,0.63887199759483
0.01518797990866,0.36065001413226,0.37955161184072,0.38856646418571,0.17161455750465,1.7871100306511,1.6285932660103,0.12921130098403,2.4134119153023,0.68896828591824
0.015161979710683,0.22925658896565,0.23131895065308,0.38478335784748,0.18173813447356,1.7910160124302,1.5686080753803,0.1289058085531,2.5366428494453,0.66807541251183
0.015188219724223,0.22336247935891,0.32217768579721,0.57381223235279,0.19893404841423,1.7978519797325,1.6874938905239,0.12765767984092,2.4397554993629,0.63122047483921
0.01524066994898,0.21846919134259,0.26167791709304,1.5587637573481,0.16955092921853,1.7880859673023,1.4911345243454,0.12149371020496,2.3607774376869,0.72617891430855
0.015188259771094,0.22273175045848,0.26713237911463,3.80779337883,0.164867762476204,1.7958980202675,2.0441836118698,0.11997245065868,1.1854542791843,0.55635030567646
0.015088580083102,0.44256473332644,0.23735313117504,4.6732658147812,-0.209830695763232,1.7646479904652,2.1910783052444,0.11813591979444,0.34697999805212,0.60384526848793
0.015140920178965,0.63989135622978,0.4579074010253,4.2099633216858,-1.36997423693538,1.7646479904652,2.1273808479309,0.1189162004739,0.27787611633539,0.59308801591396
0.015255669830367,0.94750119745731,0.4424386061728,3.3539065718651,-3.29942672420293,1.758789986372,2.1814525127411,0.11809100024402,0.37986002862453,0.54240524768829
0.015575499739498,0.66638799756765,0.29172036796808,3.5010014772415,-4.69243999570608,1.786131978035,2.1114183366299,0.11906363070011,0.35929071903229,0.64206445217133
0.015236390056089,2.1246497482061,0.4049119502306,3.321280837059,-6.3831090386957,1.7783199846745,2.2099739909172,0.1204311195761,0.27823695540428,0.55103775858879
0.015287310350686,1.6013259589672,0.3543561771512,3.222135424614,-6.64342145808041,1.7656240165234,2.1033545136452,0.12563096173108,0.3699339479208,0.59297400712967
0.015236649895087,0.54561558365822,0.88596833497286,3.7409343123436,-5.98725057020784,1.7734379768372,2.1927708983421,0.12859668582678,0.39765045791864,0.60937969386578
0.015478839864954,0.76318871974945,1.3035103008151,2.1048144102097,-6.14343271404505,1.7958979904652,2.1331086158752,0.12527427263558,0.30330556631088,0.54322049021721
0.015429359860718,0.9453602284193,0.33596117049456,0.44289884809405,-5.12872801721096,1.7861320078373,2.2153977751732,0.12231221795082,0.35872761905193,0.72596244513988
0.015563730150461,0.37014541774988,0.34920380264521,1.0081488490105,-2.87868530303239,1.7939460277557,2.1675770282745,0.12090081907809,0.39589528739452,0.64799991250038
0.015514449914917,0.24005798064172,0.59104276448488,2.1635524183512,-1.7645508106798,1.7617179751396,2.1449360847473,0.11999857798219,0.31261020153761,0.65857522189617
0.015661729965359,0.14773481339216,0.45398640632629,0.40708722919226,-1.09349878504873,1.7509770095348,2.196518599987,0.11848318204284,0.3394671343267,0.68397104740143
0.01557090994902,0.27492233365774,0.47469189018011,0.39896804094315,-0.335644856095311,1.7666010260582,1.7977921962738,0.11724819801748,0.40355661511421,0.55099253356457
0.015602320199832,0.78064903616905,0.38826892524958,0.38377331569791,0.172764570452269,1.7832039892673,1.5961366593838,0.117341671139,1.0996970981359,0.65804822742939
0.015409240266308,0.42017268389463,0.50568913668394,0.3537780335173,0.16508240066469,1.8076170086861,1.6234472692013,0.16802649945021,1.7004230618477,0.65347638726234
0.015326649881899,0.44374032318592,0.45420757681131,0.63399058766663,0.19621839001775,1.7939450144768,1.5220197439194,0.18220936506987,1.8325196504593,0.65064160525799
0.015443850075826,0.53438557684422,0.34728936851025,0.69600827340037,0.19632918015122,1.7968740165234,1.6539402604103,0.1235647816211,1.7648972272873,0.71083137392998
0.015100610209629,0.29104686528444,0.38985417038202,0.41129480302334,0.15853265672922,1.8105469942093,1.6118911206722,0.12062739767134,1.7024566829205,0.61589141190052
0.015208059921861,0.26904841512442,0.26026587188244,0.3578838086687,0.19744543917477,1.7851559817791,1.5330536067486,0.12450501136482,1.7995299994946,0.69373139739037
0.015238500200212,0.22899011150002,0.2851492613554,0.36160419695079,0.19833768159151,1.7802729904652,1.6652552485466,0.12347983755171,1.7329564094543,0.66832801699638
0.015165420016274,0.20478545129299,0.31404058262706,0.36310321092606,0.16831873543561,1.794921040535,1.5299489796162,0.12240647152066,1.6936152875423,0.64622503519058
0.015266580041498,0.19623874127865,0.22191455960274,0.76010416448116,0.18278009444475,1.7792959809303,1.6508902609348,0.12470897845924,1.8130447566509,0.71871198713779
0.015076410025358,0.20452063903213,0.29972227662802,0.47581691853702,0.19708563946187,1.7841790020466,1.566377311945,0.1342837382108,1.7377279996872,0.61155158281326
0.015159569913521,0.1940996684134,0.25839246436954,0.40941193699837,0.16402705200016,1.7949220538139,1.6098510921001,0.12872737087309,0.710374109447,0.63050921261311
0.015131239779294,0.2304756231606,0.25108301267028,0.37787541002035,0.18398176133633,1.7724609971046,1.6196656227112,0.12042910978198,0.38911534100771,0.5788177549839
0.01520236977376,0.30599998310208,0.36025037616491,0.37050238251686,0.19419837370515,1.7519529759884,1.4991738498211,0.11884476058185,0.33063089847565,0.54680548608303
0.015219809953123,0.43941882252693,0.33614715188742,0.34366934373975,0.17352645844221,1.7646479904652,1.6523261070251,0.11880412138999,0.2834811732173,0.63839045166969
0.015528090065345,0.4143756814301,0.40164252370596,0.61714823544025,0.16621651314199,1.7666019499302,1.4989442229271,0.11748307198286,0.36495162546635,0.54801748692989
0.01542259962298,0.81094718724489,0.41482099890709,0.48096228251234,0.19128767028451,1.7802719771862,1.6691752076149,0.11824443005025,0.40722092241049,0.59673482179642
0.015262450091541,0.81693831086159,2.0583410039544,0.39710401184857,0.19210763834417,1.7724609971046,1.6003947257996,0.12321505323052,0.30581559240818,0.60581828653812
0.015359450131655,0.46645998954773,2.3362197875977,0.37187730520964,0.16346254758537,1.7705070078373,1.6265047192574,0.12884901091456,0.33650615811348,0.53720591962337
0.015559200197458,0.17943255230784,1.3772927597165,0.36600535362959,0.17298456281424,1.7822260260582,1.6509689390659,0.12744371034205,0.39371160417795,0.65007193386555
0.015456530032679,0.23233480006456,0.41504833847284,0.34877434372902,0.19319759123027,1.7929680049419,1.588361620903,0.12416995316744,0.34091113135219,0.59559336304665
0.015332620125264,0.22768008336425,0.35900501161814,0.6633089594543,0.19275695830584,1.7802730202675,1.6987538933754,0.12072820961475,0.33168308436871,0.59467582404613
0.019543999806046,0.55935106799006,0.44514714926481,0.47177835553885,0.1906959824264,1.765625,1.5339003801346,0.11973417550325,0.41414278000593,0.61481454968452
0.016601129900664,0.83695641160011,0.31660072505474,0.38390809297562,0.5565014379099,1.7519530057907,1.6851218640804,0.1187546774745,0.34571586921811,0.55536834895611
0.019564320100471,0.1127010807395,0.33070252835751,0.36992051824927,1.6597584709525,1.7714840173721,1.6750716865063,0.1164426188916,0.28757443279028,0.65402445197105
0.075623110169545,0.5992627274245,1.4410920590162,0.31166945770383,0.41023221611977,1.8134769797325,1.540069103241,0.11523928306997,1.1922763586044,0.64600384235382
0.037373229861259,1.4321635663509,0.93180344998837,0.54376253299415,0.43420582264662,1.8144530057907,1.6854896843433,0.12168749980628,1.7753394544125,0.68275462090969
0.055193909909576,0.6539516299963,0.55503267794847,2.748939871788,0.35522239655256,1.7919909954071,1.6896307766438,0.12799240276217,1.6939169168472,0.73313739895821
0.034993449691683,1.1685417145491,0.46304274350405,2.5064703226089,0.31111147254705,1.7919919788837,1.506288588047,0.12793123908341,1.7870637774467,0.64953844249249
0.015384569996968,0.33025582134724,0.26001704670489,1.4709793925285,0.2163967564702,1.7919909954071,1.6835829615593,0.12161196954548,1.8073021769524,0.70877610146999
0.015172990038991,0.3032316416502,0.34461912512779,0.64973330218345,0.19319989159703,1.7988280057907,1.6520653367043,0.12109417840838,1.6996882855892,0.65809942781925
0.015123900026083,0.21745528653264,0.26811845228076,0.61680184304714,0.21035784855485,1.8017579913139,1.5336155593395,0.11999562941492,1.7605202794075,0.66528059542179
0.015103080077097,0.18056493625045,0.31395565345883,0.43800858780742,0.208635462448,1.8027339875698,1.6723100543022,0.12071339227259,1.7968480587006,0.69841887056828
0.015172869898379,0.18305337056518,0.24991351738572,0.66770996339619,0.23216935992241,1.8027339875698,1.5686324834824,0.14906451012939,1.6472171843052,0.63046492636204
0.015176529996097,0.17895479127765,0.30969330668449,0.48925799503922,0.18343156203628,1.7744140028954,2.287769138813,0.18425033427775,1.7229885756969,0.68683974444866
0.017053809482604,0.30316419899464,0.21833428740501,3.6087104678154,0.33773437514901,1.7695310115814,2.2307878732681,0.13469338975847,0.88287612050772,0.60292749106884
0.019415720133111,0.13967239111662,1.5220406875014,3.4268115162849,0.89315846562386,1.7763669788837,4.3242181539536,0.12382252886891,0.43193184584379,0.6633490473032
0.015181730035692,0.12460770830512,1.1004586741328,3.624667942524,1.2027671784163,1.7714840173721,4.6502599716187,0.12204780988395,1.5848083794117,4.7062722444534
0.015397479990497,0.12044475972652,0.27486976981163,3.398805141449,0.21545925363898,1.8066399991512,4.9674736261368,0.12549521774054,3.4939768910408,4.7474603652954
0.015608089976013,0.12385786138475,0.36409205943346,3.7476735711098,0.5581122841686,1.7929700016975,4.1305876970291,0.12297020666301,5.1879620552063,4.7951060533524
0.015428500017151,0.12726957723498,0.31214934587479,3.1506566405296,0.61662326008081,1.7822270095348,4.3176017999649,0.12239753082395,5.297380566597,3.9054408669472
0.015597479883581,0.1197523009032,0.30709505081177,3.3753083348274,0.25706889852881,1.7607410252094,3.4270784854889,0.12266575172544,5.2240633964539,3.2302119135857
0.015354989795014,0.12685427069664,0.33006212115288,3.5767248868942,0.302993375808,1.7744140028954,4.2535213828087,0.12284664995968,4.2016686797142,1.9674676954746
0.01857434026897,0.11935365013778,0.52524752169847,1.9589842557907,0.25486632436514,1.8076179921627,1.930320084095,0.12298625893891,3.0324754118919,2.4767217040062
0.015646689804271,0.33910354971886,0.41313215345144,3.1804534196854,0.26713480055332,1.7880849838257,1.5351253449917,0.1195352114737,2.5174647569656,1.9515598118305
0.017683930229396,0.90914683416486,0.35929813981056,1.3489891588688,0.69403594732285,1.7666010260582,1.5778882801533,0.12281515263021,0.9025215357542,0.6984589099884
0.029229620005935,0.26990611106157,0.35657888650894,0.71805176138878,1.1867558285594,1.7822270095348,1.646124124527,0.13116505742073,0.39010309427977,0.57730330526829
0.024791409727186,0.24146146699786,0.73543307930231,0.49029927002266,0.41880628839135,1.790039986372,2.2437081038952,0.13030981831253,0.42299553006887,0.55602636933327
0.024435420520604,0.12300417013466,1.1088827997446,0.37716281833127,0.3071733340621,1.7783190011978,1.5323856174946,0.1222773026675,0.38635586947203,0.61762244999409
0.028210070449859,0.29530551657081,0.49862052500248,0.3235239982605,0.2963660992682,1.7714849710464,1.5910713076591,0.11817643046379,1.4140902608633,0.7056528031826
0.074259971268475,0.30731292814016,0.49550039321184,0.36083493381739,0.51984314620495,1.7998049855232,1.6549987792969,0.11818145960569,2.1768877208233,0.78944559395313
0.11353021115065,0.39880555123091,0.38270685076714,2.1358134150505,0.40811859071255,1.8037109971046,1.4676092267036,0.121298648417,1.7444839775562,0.81526312232018
0.10163320973516,0.77070966362953,0.49491459876299,0.74159277975559,0.39661327749491,1.7939450144768,1.6481355726719,0.11997636035085,1.6901220679283,0.85454581677914
0.10393887013197,0.54938209056854,0.48371440917253,1.0875803232193,0.24600281566381,1.7998049855232,1.5826022028923,0.12110712006688,1.8183594048023,0.7246485799551
0.094027759507298,0.87302711233497,0.33486168831587,0.41606597136706,0.20101720094681,1.8056629598141,1.5428722202778,0.12883996590972,1.7658816277981,0.70522367954254
0.090910289436579,0.21410649269819,0.3560469225049,0.37938935030252,0.20205685868859,1.7968759834766,1.6383756101131,0.1294683907181,1.7116474509239,0.7199230492115
0.086312390863895,0.18676820024848,0.33953557908535,0.54109697882086,0.20341479033232,1.7978500127792,1.5519471764565,0.12517878226936,1.8201745152473,0.63369084894657
0.052437138743699,0.18199532106519,0.38845752924681,0.85012684762478,0.20083972811699,1.7792969942093,1.858062595129,0.12201169133186,1.7859310507774,0.71731801331043
0.017065569991246,0.18267389014363,0.26915066316724,0.55510235810652,0.19429175183177,1.7607419788837,2.1324908733368,0.11956665106118,1.6660200059414,0.648378059268
0.017786929849535,0.19954303652048,0.32600346207619,3.5574413537979,0.31174102798104,1.7812499701977,2.0225719511509,0.12105940654874,0.85791907459497,0.58566461503506
0.02082129009068,0.20883665978909,0.85159505158663,4.6883018016815,1.0820881873369,1.7773430049419,2.5430626869202,0.11818546056747,0.53138609975576,0.69097079336643
0.016239990014583,0.18653589859605,0.77546487748623,4.1218052506447,0.82254092395306,1.7773430049419,7.1379437446594,0.11811178736389,3.393271908164,3.7922861278057
0.016016120556742,0.18873887136579,0.38592348992825,3.2045829892159,0.19046152755618,1.7919920086861,7.2534055709839,0.12668104283512,4.9782754182816,4.6934083104134
0.016228270251304,0.18903080001473,0.31620788574219,2.9988785982132,0.18170548044145,1.8085939884186,7.1073538064957,0.13034802116454,4.7796995639801,3.576601088047
0.019506349693984,0.18934332951903,0.36411370337009,4.429181933403,0.56029417365789,1.7851560115814,4.3860625624657,0.15287506021559,4.8115141391754,2.6700799465179
0.021205930504948,0.18899261951447,0.31180661916733,3.6007077693939,0.20940824225545,1.7685539722443,4.9109630584717,0.18524214997888,4.9667239189148,2.741161853075
0.016334029845893,0.18930910900235,0.32547791674733,2.839886367321,0.29899745807052,1.7871089875698,4.1699713468552,0.13556554913521,4.6201991438866,2.321719288826
0.016078379936516,0.18723206967115,0.55856206268072,1.3769419454038,0.30168796703219,1.805664986372,2.1069750189781,0.11907185986638,2.8963180184364,2.8017969727516
0.015963289886713,0.37459420412779,0.34347492456436,0.53314947150648,0.35534348711371,1.7958980202675,1.7031286656857,0.11469593830407,2.186413705349,1.1593980789185
0.018415639642626,1.0082605630159,0.36089117825031,0.76891587674618,0.48185136169195,1.8144540190697,1.690530538559,0.14019910059869,0.84321286529303,0.69269721210003
0.019902500323951,0.41940500587225,0.3797310590744,0.59355220384896,0.23282901570201,1.7851560115814,1.6677255928516,0.1221362054348,0.51787769794464,2.0286574363708
0.01637199986726,0.27103319764137,0.28555849194527,0.33550583850592,0.35915621370077,1.7607420086861,1.57583963871,0.13143660128117,0.42618270218372,2.1416738629341
0.016891989856958,0.27585629373789,0.36215032637119,0.3691444597207,0.46881609410048,1.7568369805813,1.6774260997772,0.17593020945787,0.40738911926746,1.36537155509
0.045519650448114,0.38418056070805,0.53139925003052,0.34457613481209,0.38333562016487,1.7871090173721,1.6313618719578,0.14540933258832,1.6476353406906,0.6704449057579
0.022033020388335,0.50417252629995,1.2321626842022,0.65123999770731,0.46027476340532,1.8134779930115,4.306300163269,0.15089816227555,2.2093075215816,0.72212234139442
0.11558940680698,0.46600998938084,0.97800444066525,2.0253994166851,0.45920468866825,1.8056640028954,1.6970213651657,0.13869503885508,1.7181890904903,0.74690213799477
0.021799279842526,0.5410563647747,0.51241539418697,0.72974803717807,0.40380815416574,1.7734380066395,1.5751743614674,0.13349064253271,1.8030472099781,0.83869680762291
0.016266909893602,0.49819333851337,0.34536553174257,0.4786478439346,0.29296807944775,1.8076169788837,1.6343652904034,0.12887956760824,1.821665763855,0.78761172294617
0.015596480108798,0.21429202333093,0.33766146749258,0.32097961567342,0.2195540741086,1.8017570078373,1.6704921722412,0.13571661897004,1.7263644635677,0.81288938224316
0.015385990031064,0.20105093717575,0.2935933843255,0.46200889488682,0.22004389762878,1.8017579913139,1.5739224851131,0.12715813145041,1.792300850153,0.82125888764858
0.016050850041211,0.18287977948785,0.28846720978618,0.25615137722343,0.21971127018332,1.7832019925117,1.6994081437588,0.14078862778842,1.8614499568939,0.76384927332401
0.016248509753495,0.17815199866891,0.28557957336307,0.89762589335442,0.22016756236553,1.7910160124302,1.630156904459,0.12565298005939,1.7534128129482,0.82495062053204
0.016947109717876,0.17854144051671,0.25194616988301,1.1276276372373,0.22681629657745,1.7841800153255,1.5817724466324,0.12385713867843,1.7541689276695,0.79315932095051
0.017140700016171,0.21114690229297,0.34780066087842,3.9415082335472,0.27199813723564,1.7656249701977,1.6524879932404,0.12215114198625,0.8628391623497,0.70243561267853
0.018296240130439,0.2420992217958,0.47446952015162,4.5918735265732,0.74003368988633,1.7636719942093,3.9413446784019,0.12708770669997,0.59096414595842,0.77971866726875
0.015542780281976,0.22514633089304,0.35658758878708,3.037616610527,0.22533361241221,1.7734380066395,4.7195684313774,0.13440334238112,1.7420302629471,3.2412823140621
0.015695780050009,0.42479430511594,0.36081523448229,2.8509313464165,0.21538927778602,1.7851559817791,4.6226406693459,0.12298438325524,2.8314669132233,3.0823391675949
0.01572359027341,0.3955739736557,0.32772743701935,3.4035880565643,0.21677661500871,1.7802729904652,3.7880520224571,0.12291348166764,3.0164152383804,1.9372353553772
0.016177280340344,0.66561116278172,0.29998224228621,3.388113617897,0.30253883823752,1.7626950144768,4.8539270162582,0.12322155945003,4.6799540519714,1.9227344989777
0.016372319776565,0.74955509603024,0.34651777148247,3.1412730515003,0.21634349226952,1.758789986372,3.3430902957916,0.12435010075569,4.8936493396759,1.3948161900043
0.015947839710861,0.34186910092831,0.32527275383472,1.0542914792895,0.20781745761633,1.7578129768372,3.2619220614433,0.13401752524078,5.1749036312103,1.1229872107506
0.019284749869257,0.50264757871628,0.3987250328064,0.54997275024652,0.20791472867131,1.7822259962559,1.6820597648621,0.12659235484898,3.8170545697212,2.3963861465454
0.019111110363156,1.20009547472,0.37822495400906,2.6661859750748,0.22374697774649,1.7626959979534,1.7173347175121,0.19627778790891,2.3207324743271,0.91287799179554
0.019232190214097,0.60720915347338,0.34184210002422,1.4547925442457,0.22972586378455,1.7773430049419,1.7215138673782,0.17631814815104,0.74819031357765,0.71996527910233
0.017266739625484,0.44513694941998,0.37134310603142,0.58783274935558,0.99837618693709,1.7832019925117,1.5373090207577,0.13889376632869,0.51271349936724,0.7351503521204
0.019018590450287,0.27613949775696,0.38066115230322,0.45209240540862,1.0307768434286,1.7851570248604,2.3726026415825,0.12768189050257,0.76590955257416,0.69180803000927
0.030649619176984,0.49462054669857,0.37295018881559,0.38791423011571,1.4767379686236,1.7822259962559,2.6127705276012,0.12304303981364,0.88238249719143,0.69027969241142
0.021119450218976,0.69261053204536,0.42400471866131,0.4984815758653,0.42453891783953,1.7851560115814,1.6272732615471,0.12321896106005,1.3463841676712,0.77973248064518
0.30335739580914,0.77335044741631,1.0992008522153,0.51125517487526,0.39049806445837,1.8115240037441,1.6304977536201,0.13706892356277,1.9751488268375,0.78261421620846
0.021843839902431,1.2332434952259,0.52919857949018,1.5576740205288,0.42000319808722,1.8076170384884,1.7008877396584,0.13386296108365,1.7150468826294,0.8000196069479
0.022009700071067,0.57889665663242,0.35890152305365,0.39826056361198,0.33147310465574,1.8134770095348,1.6456488668919,0.12039428204298,1.8548606336117,0.84418554604053
0.021005089860409,0.52821186184883,0.29959579184651,1.1219954788685,0.2333050519228,1.7851559817791,1.6084550619125,0.12100125290453,1.8663578033447,0.74522741138935
0.020909190177917,0.53215396404266,0.38005704432726,0.45694931223989,0.2323519513011,1.7822259962559,1.69614559412,0.13256620056927,1.7390652894974,0.80447159707546
0.020952769555151,0.53917396068573,0.27679099887609,0.58482605731115,0.23006410710514,1.7753910124302,1.5778722167015,0.13318691775203,1.791680753231,0.82339197397232
0.020955610554665,0.51224745064974,0.2741737626493,0.53937477245927,0.2425940297544,1.791993021965,1.5655288994312,0.12228371948004,1.8661827743053,0.73885886371136
0.020995320286602,0.37862323224545,0.35505844652653,0.98746649175882,0.25037425756454,1.8027340173721,1.6765592098236,0.12315622717142,1.806659668684,0.83194974064827
0.020892459899187,0.31245637685061,0.23084427043796,0.72578595206141,0.81534245610237,1.7910160124302,2.263632953167,0.13499018922448,1.7288475036621,0.78390894830227
0.019977580290288,0.32738404721022,0.26903158053756,3.9752671718597,0.53089460730553,1.7695309817791,2.1886309981346,0.13409914076328,0.86691273748875,0.68945752084255
0.0201849299483,0.3560179322958,0.47858221828938,4.9145489931107,2.0034272149205,1.7753910124302,3.0662556290627,0.12009494192898,0.62641480565071,0.78601029515266
0.015480790287256,0.44039548188448,0.3291919901967,3.0141467452049,0.70736770704389,1.7763679921627,3.2703905105591,0.12423376180232,1.6702243164182,4.8290188908577
0.015767650213093,0.37857037037611,0.40278334915638,3.3714458346367,0.23413557559252,1.7783210277557,2.6252139210701,0.1211981382221,2.2049118876457,4.3694644570351
0.016021700110286,0.23993625491858,0.40202179551125,3.2311084866524,0.20300572738051,1.7802720069885,2.3180986046791,0.13975105062127,3.0222082436085,4.9522888660431
0.015788880176842,0.28900460153818,0.36984176188707,3.2061827778816,0.19450083933771,1.7509759962559,2.2822712659836,0.12699923850596,3.9771117568016,3.8625218868256
0.015619319630787,0.19279180839658,0.31031677871943,1.6838042140007,0.26075148954988,1.7587900161743,2.0611496865749,0.12082085199654,4.0935654044151,5.6465259790421
0.015806889859959,0.12168763764203,1.9278324246407,2.044645011425,0.33922904357314,1.7597660124302,1.7683838903904,0.12240290828049,4.6982864737511,3.6330651044846
0.015828310046345,0.11994221806526,1.8829855695367,0.63969171233475,0.30830573290586,1.7958979904652,1.726361989975,0.14183998852968,3.120562851429,2.6865729093552
0.021007319446653,0.11948202177882,0.39862439781427,0.42700618226081,0.26167657598853,1.7597659826279,1.699893862009,0.12187910825014,2.645142018795,0.98099613189697
0.016267470084131,0.28044198825955,0.38529498875141,0.8937716037035,1.5899594277143,1.7968749701977,1.7150466442108,0.12339239008725,1.2143352255225,0.80737496912479
0.016529189888388,0.27954552322626,0.49231214076281,0.45213340921327,1.5305353999138,1.8105470240116,1.7196409106255,0.13234955072403,0.40332575887442,0.90275286138058
0.016235769726336,0.30199886113405,1.0310103148222,0.48966610431671,0.58676489815116,1.803710013628,1.710683465004,0.1339066196233,0.42453551292419,1.6801174283028
0.016220270190388,0.36256569623947,0.40449248254299,0.42461595963687,0.41044890135527,1.7919920086861,1.7186737656593,0.12062934041023,0.48892572522163,2.0229267179966
0.016352740116417,0.35212943702936,0.32801914215088,0.49501301907003,0.40106049180031,1.7685550153255,1.6920077502728,0.20545965246856,1.4579396694899,0.64152546226978
0.017550829797983,0.27889034152031,0.42827141284943,0.90409123990685,0.32063496112823,1.8017570078373,1.7306802272797,0.14931919053197,1.878647506237,0.66883634030819
0.031395089812577,0.21657627820969,0.65379194915295,1.173268482089,0.36440223455429,1.7988280057907,1.7085144221783,0.13516447134316,1.8374392986298,0.85041801631451
0.015976080205292,0.35459258407354,0.52322633564472,0.45765349641442,0.27432779967785,1.7822259962559,1.6926380097866,0.1499184705317,1.902783036232,0.79290568828583
0.015571390278637,0.45873581618071,0.3720980733633,0.78373564872891,0.24783881381154,1.7792960107327,1.6689090132713,0.12702346779406,1.9055857360363,0.7629391849041
0.015579689992592,0.46994393318892,0.31608276814222,0.71550238877535,0.20624971389771,1.783203035593,1.6943212449551,0.1262787990272,1.7715642750263,0.79802578687668
0.015519010135904,0.45938642323017,0.37087613344193,0.43154563056305,0.24825245887041,1.7802729904652,1.7069263756275,0.12503038346767,1.8814532756805,0.72410351037979
0.015403519850224,0.42397556453943,0.38870778679848,0.38144775480032,0.20855876989663,1.7900390028954,1.6913010776043,0.14752354100347,1.8927927911282,0.77112175524235
0.015323519939557,0.46550963819027,0.39171443879604,0.91567282378674,0.20724097639322,1.8037099838257,1.7001397907734,0.12452147156,1.8245643079281,0.76911006867886
0.015372979920357,0.36641743034124,0.30720525979996,0.45837617665529,0.25179250538349,1.7949219942093,1.7013016343117,0.12454171106219,1.7459968626499,0.72015172243118
0.0181138003245,0.34844949096441,0.41382670402527,3.6672776937485,0.24704798310995,1.7812500298023,1.6693761348724,0.14190546795726,0.88521105796099,0.72713446617126
0.01865543005988,0.29586574435234,0.62672780454159,5.0997194051743,0.53352968208492,1.7773439586163,3.2825335264206,0.1260156519711,0.64497699588537,0.73687578737736
0.015750099904835,0.21302780322731,0.43936055153608,3.2556750178337,0.24418915435672,1.7646489739418,4.6849589943886,0.1226913407445,1.6108880639076,4.4414753913879
0.015725330449641,0.11861910112202,0.30479916185141,3.2052369713783,0.20778397098184,1.7880859971046,6.1779149770737,0.13723534159362,2.8450707793236,4.7993178367615
0.015784580027685,0.49290300160646,0.39981837570667,3.3035119771957,0.21637222729623,1.7939459979534,6.0648730993271,0.13048159331083,2.4879459142685,4.7815886735916
0.015737559879199,0.4464696533978,0.43309200555086,3.2650998830795,0.70023840665817,1.7832030057907,5.0154120922089,0.12190501764417,2.279089897871,4.4712463617325
0.016030060127378,0.13375638984144,0.32707245647907,2.3848522603512,0.28930457681417,1.7744129598141,5.3251054883003,0.13468297384679,1.9859941601753,4.2598081231117
0.019041490275413,0.12162446044385,0.33379221707582,1.0654916912317,0.51676223427057,1.7763659656048,4.349992275238,0.13226005621254,2.305650472641,3.1355287432671
0.016388210002333,0.11583520099521,0.53340664505959,0.9411680996418,0.87778060883284,1.8007810413837,1.7056983709335,0.12506557069719,1.5148491412401,3.3079836368561
0.016258359886706,0.13489996828139,0.40349171310663,0.68562519550323,1.0992934554815,1.7929690182209,1.6279033720493,0.13393628783524,0.86547838151455,1.138763859868
0.019256870262325,0.46998304873705,0.27403535693884,0.97723749279976,0.9749993532896,1.8066409826279,1.6468252837658,0.13819102942944,0.82501617074013,0.70691946148872
0.016109699849039,0.31574973464012,0.3918155580759,0.62749252095819,0.4426284134388,1.8017579913139,1.649759978056,0.1242457497865,0.39046434313059,0.62496057152748
0.016000450123101,0.50117597728968,0.32387613132596,0.43790357746184,0.62751894444227,1.8115229904652,1.6991185843945,0.13325983844697,0.38077085092664,0.67536839842796
0.015821300446987,0.43603617697954,0.65217532962561,0.45017333142459,0.36716949939728,1.8076170086861,2.1581568717957,0.13487867824733,0.41366502642632,0.62915082275867
0.015897950157523,0.460179425776,0.42946296930313,0.44135810807347,0.32431601732969,1.7919919788837,1.6541208922863,0.12278653867543,1.1441014632583,0.66690531373024
0.01605778047815,0.50332985073328,0.51671824604273,0.50741703482345,0.31954389065504,1.8164059817791,1.6677368879318,0.1401967573911,1.7609691917896,0.76759244501591
0.016082349698991,0.42448557168245,0.78595351427794,1.6103130728006,0.37862811982632,1.7949210107327,1.6196277141571,0.13290772773325,1.777606099844,0.78717583417892
0.016337560024112,0.43706216663122,0.90658500045538,1.1388373374939,0.27378884330392,1.7910160124302,1.6229628026485,0.17262320034206,1.8447471559048,0.77115365862846
0.016412970144302,0.28164245188236,0.3923794105649,0.78629898186773,0.29787714779377,1.7919909954071,1.6515767276287,0.19207683764398,1.7942079901695,0.78487445414066
0.01577159948647,0.25417410209775,0.24433777481318,0.47880542464554,0.24360281229019,1.8027340173721,1.6167569160461,0.14022164978087,1.7261981070042,0.72352062165737
0.015587450237945,0.25067342072725,0.29326871782541,0.49958751583472,0.19906593114138,1.7890629768372,1.6475886404514,0.13109373115003,1.820123642683,0.79686889052391
0.01542896986939,0.22575515881181,0.34096525609493,0.51696234149858,0.24471725150943,1.7851559817791,1.6367470622063,0.15282171219587,1.8558818995953,0.75000222027302
0.015483089955524,0.22431158274412,0.265191975981,0.92601265758276,0.20167859643698,1.7851560115814,1.6328332722187,0.12608110159636,1.7924097180367,0.72927613556385
0.015347709646448,0.22745234146714,0.30783055722713,0.88959402684122,0.24477872997522,1.7792969942093,1.6373756229877,0.12853916920722,1.7280342280865,0.80300685763359
0.015505909919739,0.22585051134229,0.24616470187902,3.9872127175331,0.20140176825225,1.7900390028954,1.9504228234291,0.14785594120622,0.7624077796936,0.66093005239964
0.015508719952777,0.34086305648088,0.42243642359972,4.4468156099319,0.29393078386784,1.7568369805813,2.1692380905151,0.12351576052606,0.41793309897184,0.64562146365643
0.015515070175752,0.48578358441591,0.39567771553993,4.3509135842323,0.231206510216,1.7734380066395,2.1454662084579,0.12943835929036,0.32773719727993,0.68685398995876
0.015925239771605,0.13802840001881,0.31214601546526,3.3429874181747,0.23058423027396,1.7919920086861,2.1381655335426,0.14148649200797,0.35516887530684,0.6332028657198
0.016084069851786,0.12254680320621,0.42350168526173,3.4984575510025,0.18137107230723,1.7724609971046,2.1379556059837,0.1246560588479,0.40968773514032,0.77221263945103
0.016299119684845,0.55953247845173,0.87015388160944,3.1102451682091,0.23481064662337,1.8037109971046,2.1567032933235,0.13280344940722,0.44714779034257,1.0487005412579
0.0163290402852,0.90133444219828,0.92330554127693,3.154590845108,0.19125173054636,1.788085013628,2.1422474980354,0.13979930058122,0.39574977755547,1.142910271883
0.016380180139095,1.0679024159908,0.53046453744173,3.6482756137848,0.18884995952249,1.7773440182209,2.1612125635147,0.12645275704563,0.33892666548491,1.2103467732668
0.016041979659349,0.43470754474401,0.40153641998768,0.80863490700722,0.23638458549976,1.7812509834766,2.1770050525665,0.13885586336255,0.45768807828426,1.1963566541672
0.016172519885004,0.33725558966398,0.32686587423086,1.1516604423523,0.19520669057965,1.7900380194187,2.1668852567673,0.13924256153405,0.43748793005943,1.0964108109474
0.016217210330069,0.68574836850166,0.33767684549093,0.93882500380278,-264778.109540066,1.7949209809303,2.169213116169,0.12680782936513,0.40151069313288,1.1192058324814
0.016294930130243,0.59957447648048,0.28316381201148,0.59448288008571,-1.31315330788493,1.7890619933605,2.1598705053329,0.13634467124939,0.34916044026613,1.098763614893
0.016515750437975,0.41800017654896,0.49708785116673,2.3464532792568,-0.566492700949315,1.788086026907,2.1788023114204,0.13880725950003,0.41026417165995,0.93563781678677
0.57343642739579,0.27874397486448,0.409857198596,0.57112586684525,-0.267382258549331,1.7861330211163,1.9704982340336,0.1234815530479,0.4171424433589,0.75474281609058
0.016438289545476,0.40126891434193,0.72468915581703,0.39873005542904,0.164840522222224,1.7851549983025,1.6142335832119,0.13943508826196,1.0981269404292,0.67604748904705
0.018855020403862,0.63842757046223,1.3530163392425,0.52628692472354,0.21862975135446,1.8183590173721,1.6549808084965,0.13215648196638,1.7029327750206,0.72170728445053
0.021039619576186,0.74534726142883,0.56076673418283,0.92871223390102,0.18968823924661,1.796875,1.646510630846,0.1249675732106,1.8220390677452,0.8033535182476
0.016027930192649,0.51979553699493,0.33759596198797,0.69249691348523,0.18890259973705,1.7753910124302,1.616259098053,0.14815698936582,1.8353026807308,0.72628331184387
0.015367660205811,0.58835437148809,0.35424938797951,0.31246842909604,0.23587999865413,1.7753899991512,1.6442923545837,0.12910568900406,1.7840504646301,0.77344664931297
0.015383630059659,0.22347337007523,0.39446334540844,0.45700504025444,0.18857474066317,1.7910149991512,1.6403284966946,0.12401010282338,1.7207153439522,0.78764609992504
0.015448399819434,0.20832002907991,0.26799271255732,0.39017188595608,0.18866635300219,1.7851559817791,1.6254560351372,0.17612455040216,1.8178883492947,0.70444564521313
0.015162200201303,0.17951824888587,0.3192308023572,0.45586570259184,0.20402832143009,1.7851549685001,1.6561354100704,0.19946797192097,1.8529882729053,0.79225970804691
0.037009500199929,0.18372032791376,0.37858080863953,0.72901979088783,0.22237634658813,1.7910159826279,1.6516785025597,0.14411387778819,1.7345570027828,0.7773330360651
0.015183879993856,0.18450335040689,0.2563155926764,0.50770928896964,0.19072796963155,1.8056629896164,1.6192466914654,0.13303914107382,1.739341288805,0.7030154466629
0.015273689990863,0.18136727064848,0.30536898970604,0.31418188521639,0.172346990555524,1.7675780057907,1.6011173129082,0.13524685055017,0.74965476244688,0.74341470003128
0.015393879963085,0.17542660981417,0.2988598421216,0.46195889031515,-0.0371622871607532,1.7519530057907,1.6199359297752,0.1469316855073,0.44168213009834,0.65705689787865
0.015433070249856,0.25808131694794,0.4387644007802,0.32548622461036,-0.42125898972154,1.7529299855232,1.6231606900692,0.12565951049328,0.30588851124048,0.63294221460819
0.015768809942529,0.54526636376977,0.42422287911177,0.46508861333132,-74163.1037979871,1.7626959681511,1.6234653890133,0.13851074874401,0.37309921532869,0.70362189412117
0.015822550281882,0.52287248522043,0.52281550318003,0.82961691915989,-4.81859089434147,1.7724599838257,1.6229994595051,0.13341313414276,0.42975819855928,0.67219661176205
0.015777770197019,0.60165505111217,0.41231466084719,0.39802711550146,-4.50794498156756,1.7656249701977,1.6291650533676,0.12345172837377,0.43213804066181,0.99031032621861
0.016106479801238,1.3381986320019,0.43268299847841,0.39007089566439,-7.40724166482687,1.7792959809303,1.6665220558643,0.14957716315985,0.3619933091104,1.0869722366333
0.01912602968514,2.1029002666473,0.33886332809925,0.25801798375323,-4.6351448148489,1.3408200144768,1.2470055520535,0.092380380257964,0.25316669419408,0.75913861393929
0.018694490194321,0.97409477084875,0.41066256910563,0.41052785469219,-7.4506406057626,1.8076170086861,1.7377533018589,0.13001613877714,0.41425108164549,1.0583003610373
0.016019759699702,0.62191229313612,0.26162771880627,0.45021834550425,-6.44705323316157,1.7958980202675,2.5337138772011,0.14754087477922,0.42616152763367,1.0013835281134
0.015564560191706,0.31471177190542,0.31302113085985,0.77841733209789,-5.42959421500563,1.7949229776859,2.4746358990669,0.12573383934796,0.34841638058424,0.87462785840034
0.018318200018257,0.29437725991011,0.52948042750359,0.5012452933006,-3.86609943583608,1.7832019925117,2.4537784457207,0.13580456003547,0.33711497858167,0.87853164970875
0.019161260221153,0.29642426222563,0.31980318576097,0.30055744200945,-1.68339893966913,1.7548829913139,2.0709226429462,0.13799603842199,0.45752108097076,0.78416752815247
0.025110390037298,0.50752969831228,0.37257459014654,0.40239685820416,-0.30219535157084,1.7509770095348,1.6164085865021,0.1240222286433,0.42535519599915,0.68908232450485
0.068544930778444,0.52181865274906,0.50870062410831,0.4235306927003,0.32830773107708,1.3339840173721,1.6122394800186,0.14142889529467,0.98781344294548,0.71295948326588
0.021913719829172,0.53419689834118,0.56110529601574,2.5099129080772,0.47208660840988,1.7900379896164,1.6278085708618,0.12827421352267,1.6412450671196,0.71401283144951
0.018978860229254,0.24171783775091,0.45802136510611,1.6985163972713,0.42871794849634,1.788086026907,1.6539707779884,0.12431208230555,1.770948767662,0.69949735701084
0.01595235010609,0.22022556886077,0.39622715860605,0.51441931445152,0.37461778894067,1.8007810413837,1.6535945832729,0.14788255468011,1.8462910950184,0.77029258012772
0.015586639987305,0.21881837025285,0.31405572593212,0.88732790574431,0.36914591491222,1.7558590173721,1.6360667347908,0.12293395958841,1.7045382559299,0.69475166499615
0.015353140188381,0.22415428981185,0.24396172165871,0.30558565817773,0.21254387125373,1.7734380066395,1.6422591805458,0.13041856884956,1.7252730727196,0.70286522805691
0.015300339786336,0.19969202950597,0.24168994277716,0.46242211991921,0.20710318163037,1.8007799983025,1.633472263813,0.14263751730323,2.3252963423729,0.75723025202751
0.015260830055922,0.18543928861618,0.31932474300265,0.45309830456972,0.21321509405971,1.7861320078373,1.6415100395679,0.1241570096463,2.5238771438599,0.67852579057217
0.015466919867322,0.17772376164794,0.21090316772461,0.81556308269501,0.24336553737521,1.7792969942093,1.9459100067616,0.13663570396602,2.4510853290558,0.7171415835619
0.015389670152217,0.18367310985923,0.28656063228846,0.48488836735487,0.20761007070541,1.765623986721,2.2128230929375,0.17834357917309,2.4216164946556,0.74001403152943
0.016481390222907,0.20999091863632,0.55144615471363,3.5424956083298,0.14867821987718,1.7529300153255,2.1484681367874,0.19482631608844,0.87090387940407,0.60230834782124
0.020512819290161,0.11565028131008,0.71828015893698,4.7132630944252,0.444281347096006,1.7548840343952,4.0492084026337,0.14193558134139,0.47137695550919,0.73539456725121
0.016909260302782,0.11630018986762,0.42640642821789,2.9416810870171,-0.00580562651155359,1.7802729904652,4.5511380434036,0.13667719624937,0.62590773403645,4.2529131770134
0.015461879782379,0.11368864029646,0.31941185891628,3.6013721227646,-1.62777873873707,1.7587890326977,7.1566160917282,0.12811342068017,1.2050928026438,4.3149347305298
0.015731769846752,0.12144779972732,0.40279529243708,3.7134932875633,-3.82386927306655,1.7626959979534,6.8572525978088,0.12538851238787,1.7247819304466,5.2129210233688
0.015779440291226,0.1142737288028,0.27700694650412,3.7080430388451,-2.05991642922163,1.765625,4.7813649773598,0.14483476802707,2.1188864409924,4.8047474622726
0.015795359853655,0.11894275993109,0.3354247584939,2.5543183386326,-2.24965808913112,1.7695309817791,5.0533252954483,0.12767849862576,4.1622537970543,3.5256564617157
0.015841519925743,0.35701363161206,0.35318463295698,1.5597835406661,-2.44310397654772,1.7802729904652,4.0998656749725,0.1259672306478,3.5728041529655,2.9472619891167
0.019859879743308,0.11481688916683,0.34096034616232,0.54122197069228,-1.78125292807818,1.7988289892673,1.9990711212158,0.14804323762655,0.96407439559698,3.1478877663612
0.017012869939208,0.14059535041451,0.39675784856081,1.9433880448341,0.918407507240821,1.805664986372,1.6523735523224,0.12618910893798,0.61869063228369,2.3856136053801
0.016330710146576,0.31653864309192,0.3104844391346,0.82138444110751,-0.177786171436308,1.8076179921627,1.6677162647247,0.12754868157208,0.82664585113525,0.65568035840988
0.016617869958282,0.27010785788298,0.6448652073741,0.54184471443295,0.0993822086602466,1.8095700144768,1.6750692427158,0.14241718873382,0.57467617094517,0.67360004782677
0.016173269599676,0.26294673979282,0.68954437226057,0.29938584193587,0.204296760261063,1.7890630364418,3.2543553411961,0.12303946167231,0.47809483110905,0.64198552072048
0.016040970105678,0.32124426960945,0.62268333137035,0.62763282936066,0.31264280155301,1.7734370231628,3.6162948906422,0.12983244098723,0.49526480585337,0.56297145783901
0.017211099620908,0.53385733813047,0.42225195467472,0.38193601695821,0.36638552695513,1.7597659826279,1.6281495392323,0.14538776129484,1.5705733001232,0.72921806573868
0.017284629866481,1.3687209486961,0.47463747113943,0.47038390813395,0.3952199742198,1.7939450144768,1.6584714651108,0.14724489860237,2.1219441890717,0.80476914346218
0.017078519798815,0.49712638556957,0.50539588183165,1.5651687979698,0.47801744192839,1.7988279759884,1.6830571293831,0.14844648912549,1.8508017063141,0.73705661296844
0.019791669677943,0.83939945697784,0.41462520509958,1.4875836074352,0.39820884913206,1.8085939884186,1.6598933637142,0.14356734976172,1.8135769665241,0.80813305079937
0.015943870414048,1.0370499938726,0.30009683221579,0.76168800145388,0.27348449826241,1.8007810115814,1.6539988815784,0.13655328936875,1.7146763205528,0.74050617218018
0.015586469788104,0.61375689506531,0.41826564818621,0.41177137754858,0.23502546176314,1.796875,1.6454500854015,0.13579037040472,1.7807583510876,0.67077408730984
0.015450519975275,0.27463168650866,0.31550682336092,0.49497285159305,0.23589633777738,1.7763669788837,1.640150308609,0.13480399362743,1.8455342948437,0.70164170861244
0.015230580000207,0.25896829739213,0.31960295885801,0.48936198791489,0.23748536035419,1.7792969942093,1.6540208756924,0.14556397311389,1.7450139224529,0.61063006520271
0.015144769800827,0.26727773621678,0.31821835041046,0.75644987402484,0.24629953876138,1.7802729904652,1.9290853142738,0.13967481069267,1.6175522506237,0.6618572473526
0.015296709956601,0.2631396651268,0.21578174084425,0.45778260147199,0.20103758759797,1.7724599838257,2.1088874340057,0.13363171182573,1.7113730013371,0.70049273967743
0.017261799890548,0.29377350956202,0.32575138658285,3.6528809666634,0.20826617162675,1.765623986721,2.0547100305557,0.12688029371202,0.81100243330002,0.55637441575527
0.020258360076696,0.29465636610985,1.2927483171225,4.7915549278259,0.190920740365978,1.7705070078373,3.7944722771645,0.16888612881303,0.46149186044931,0.72755055129528
0.01543571986258,0.54474908858538,0.50482403486967,3.9037591814995,-0.809426933526974,1.7695309817791,6.9182924032211,0.19393070973456,3.3767119944096,4.3417034447193
0.012037820182741,0.23453629761934,0.24647463858128,2.714586108923,-1.21711927652361,1.333006978035,4.1947890520096,0.12246799096465,3.3983979225159,4.2864389419556
0.015573590295389,0.19302229769528,0.28195992857218,3.4466584324837,-4.10308979079131,1.7890620231628,6.3324784040451,0.13071622885764,4.6657165288925,3.7566729784012
0.0157987002749,0.11855068057775,0.36910887807608,3.3952622413635,-5.75496511161327,1.7792959809303,5.9373055696487,0.1261006295681,4.1016088724136,4.1548464298248
0.018584799952805,0.1167339514941,0.24495774507523,3.3012409806252,-6.52383365854621,1.7626949846745,4.9467005133629,0.1400939989835,4.5764558315277,3.2719522714615
0.018594060093164,0.11036903969944,0.32683953642845,2.6911125779152,-8.06170280650258,1.8037109673023,3.7803389430046,0.13453971967101,4.2418843507767,2.8487738966942
0.016840900294483,0.11739614978433,0.38014081120491,0.99361875653267,-7.72133000940085,1.7978520095348,1.7226375043392,0.12460619024932,2.7678552567959,1.9390609562397
0.015986720100045,0.13527581095695,0.31164804846048,0.83523343130946,-5.94807558879256,1.7753909826279,1.5992876291275,0.1255063470453,1.070071965456,1.2687735706568
0.016585679259151,0.39235918968916,0.35970390588045,0.91290697455406,-3.33492814004421,1.8076170086861,1.6262705028057,0.139295399189,1.026842802763,0.65893885493279
0.016621580347419,0.26889777928591,0.26660402491689,0.59809338673949,-3.14456471800804,1.8115240037441,1.5990971326828,0.12558154202998,0.48976474255323,1.1663278192282
0.39932078262791,0.2567459307611,0.36368176341057,0.46865892177448,-0.516076788306232,1.8007810115814,2.3075832724571,0.11997474916279,0.45329022407532,2.066677749157
0.01978250965476,0.38400313258171,0.27657448872924,0.2667517689988,0.10793228447437,1.7998040318489,2.7903246879578,0.12077649123967,0.35506977885962,1.8806549608707
0.019968349486589,0.54911670833826,0.43602918833494,0.42304885108024,0.371947741135952,1.7910150289536,1.6308218538761,0.12815628014505,1.1694235727191,0.56777164340019
0.019835569895804,0.64659082889557,0.90065281838179,0.45162383513525,0.4485677704215,1.8291009962559,1.6109277009964,0.13922348432243,2.1795811355114,0.5802405923605
0.019130539614707,0.62618334591389,0.65808962285519,1.634755641222,0.45421526581049,1.807618021965,1.5990114212036,0.12190765328705,1.7051858603954,0.671720713377
0.016099439933896,0.5832422375679,0.38811814039946,1.1274842321873,0.44175133109093,1.7978509664536,1.6161032915115,0.13652618229389,1.6474847495556,0.60019727051258
0.016090350225568,0.2577285207808,0.29249047115445,0.63959669880569,0.27141404896975,1.7861329913139,1.5895144641399,0.1331935506314,1.812151402235,0.61634700000286
0.015656619798392,0.25562107935548,0.36774649471045,0.41922713350505,0.21876671165228,1.8027339875698,1.5864371061325,0.12328827008605,1.7534705400467,0.66322110593319
0.015093109803274,0.2188870087266,0.26810479164124,0.48436474101618,0.19472816213965,1.798828035593,1.6086572706699,0.12848922796547,1.7137030363083,0.56732740998268
0.014943720074371,0.21790977939963,0.35556481778622,0.47568825259805,0.21836953237653,1.7929680049419,1.6114444434643,0.14295538142323,1.793931633234,0.65596994757652
0.014978219987825,0.21340928971767,0.28770231083035,1.0147424861789,0.21848830208182,1.7861320078373,1.8958911001682,0.1240751016885,1.8359150290489,0.61059379577637
0.014955749968067,0.21242966130376,0.25735145434737,3.1352975070477,0.21245418488979,1.7705079913139,2.1216813325882,0.1228481978178,1.6976181864738,0.58187562227249
0.015742730349302,0.22529827058315,0.60452374815941,3.5753422379494,0.160981418564913,1.7597659826279,2.1162534952164,0.14216600358486,0.60913968831301,0.6194294989109
0.024403200251982,0.18510755896568,1.2577555626631,4.5197139978409,0.203520916402343,1.7792969942093,2.5087166428566,0.12230131961405,0.5254922285676,0.58796974271536
0.015084129758179,0.33978799916804,1.0791388452053,2.6029844582081,-1.14248373731971,1.7880849540234,2.9271908402443,0.12140577100217,1.7780312746763,4.0970925986767
0.015500079840422,0.25858450308442,0.29823140054941,3.4925633072853,-3.7982948217541,1.7695309817791,3.056714951992,0.13419092074037,2.7309089899063,4.4284809827805
0.015196509892121,0.93127748370171,0.32910754904151,3.007316172123,-5.99319964274764,1.7558590173721,3.5123269557953,0.13456067815423,3.1073305606842,4.6294747591019
0.014507399871945,0.8842788785696,0.3417808227241,3.214693069458,-6.60505507141352,1.7919920086861,3.2492281794548,0.16309161111712,3.4124550819397,3.4952885806561
0.015494370134547,0.49354392290115,0.26677020639181,1.4862188994884,-7.40154066681862,1.7841790020466,2.9778202772141,0.18792401999235,4.8112641572952,3.396676659584
0.015476569999009,0.13859009929001,0.37033794820309,0.65065998397768,-7.88063872978091,1.7773429751396,2.1158964633942,0.14035959169269,4.4998621344566,2.4639984965324
0.019537070533261,0.11878542043269,0.73689044266939,0.59374279156327,-7.26228769868612,1.8027340173721,1.6089586019516,0.13083300366998,3.2161920070648,2.2714960873127
0.016699290368706,0.13678120821714,0.39526997506618,0.4673617510125,-5.1468539834023,1.7529300153255,1.6248741745949,0.1282393168658,2.9915780425072,0.99764056503773
0.017109590116888,0.4577159807086,0.36197173595428,0.92688554525375,-5.18417678773404,1.7802730202675,1.6317644715309,0.12743469700217,1.1277397125959,0.61511954665184
0.016931949649006,0.27805639058352,0.33739255741239,0.43024627259001,-3.89749678969383,1.7832030057907,1.6376210451126,0.13009801879525,0.51488488912582,0.61572432518005
0.016549810301512,0.27608736976981,0.32957280427217,0.51055438444018,-2.07570568472147,1.7753899693489,1.6427302956581,0.14158639125526,0.40861492604017,0.60117742419243
0.75399443460628,0.28912216424942,0.45497060567141,0.314211263787,-0.108405826613304,1.7734369933605,1.6295102238655,0.12260629981756,0.34433827549219,0.58003611862659
0.016103929840028,0.22014170140028,0.52239969372749,0.64169063512236,0.386732035782188,1.7607429921627,1.6198864877224,0.12266344949603,1.0868496820331,0.67558448016644
0.01774958986789,0.39390344172716,0.3046995177865,0.36284559499472,0.44265846163034,1.803710013628,1.6372175216675,0.12258961051702,2.2152992486954,0.65111863613129
0.017402339726686,0.95941328257322,0.38046714663506,1.5288386046886,0.41794168949127,1.8144540190697,1.643299728632,0.12521586194634,1.7534305155277,0.68220449984074
0.016601390205324,1.0292042791843,0.50474467873573,1.2725291550159,0.40565161406994,1.7900390028954,1.6337481737137,0.14206238090992,1.6781322360039,0.72305719554424
0.016019649803638,0.47980755567551,0.32778922468424,0.50765654444695,0.24649220705032,1.7861320078373,1.6295993924141,0.12464489974082,1.788094162941,0.65048243105412
0.015537909930572,0.80227145925164,0.36316674202681,0.42892539873719,0.19717996194959,1.8007809817791,1.6184392571449,0.12485862150788,1.826331704855,0.68016462028027
0.015345060033724,0.21398210898042,0.30097055435181,0.43398060230538,0.21535554155707,1.7929679751396,1.6141869723797,0.12324135005474,1.7334106266499,0.68978805840015
0.015184900024906,0.18240915238857,0.27519897371531,0.42443560762331,0.2183156684041,1.7929690182209,1.6291346848011,0.1411567889154,1.7240313887596,0.61812618374825
0.015387479681522,0.18995884805918,0.26764451339841,0.87172448635101,0.20433680713177,1.7998040318489,1.6456308066845,0.12646747753024,1.8219243884087,0.69292135536671
0.015345900086686,0.17894838750362,0.24928682297468,0.6809832341969,0.20689535886049,1.7851559817791,2.1850798726082,0.12177250906825,1.7617780864239,0.64147059619427
0.016394390258938,0.20367199927568,0.32131569087505,3.8725999593735,0.240192037075757,1.7744140028954,2.1537515521049,0.13738049194217,0.54713432490826,0.58386845886707
0.019261230248958,0.20709189772606,1.1578164026141,4.5270935297012,-0.310923740267756,1.7226570248604,2.1924127936363,0.12745671719313,0.53413439542055,0.67649663984776
0.015839920379221,0.20155280083418,0.48774538934231,2.822069466114,-1.46151433140039,1.7099609971046,2.7404354214668,0.11996280029416,1.789976939559,4.1778128147125
0.015489440411329,0.25135745480657,0.39502003788948,3.205866932869,-3.62142763659358,1.6425779759884,2.7290447950363,0.12096970714629,2.4259636998177,3.8700785636902
0.015411169966683,0.3562813103199,0.28393831849098,3.5878830552101,-5.52620429545641,1.7421869635582,3.4147300720215,0.12243475019932,3.3785555362701,4.686984539032
0.015799179673195,0.23035561665893,0.44069155305624,2.8682061731815,-6.85879664868116,1.7363270223141,3.2476915121078,0.12460317835212,4.1000442504883,4.1975117921829
0.016757230274379,0.20169600099325,0.35280059278011,1.7385254353285,-7.58061574026942,1.7441399991512,2.1604342460632,0.13458313979208,3.8954145312309,4.4295663833618
0.015731600113213,0.20709062740207,0.2657875828445,2.7405314147472,-7.61097837239504,1.7792959809303,1.6433966755867,0.12261415086687,4.1211010813713,2.7946062088013
0.019675279967487,0.19813694059849,0.41327026486397,0.50743167102337,-7.34792255610227,1.8095700144768,1.4838230311871,0.12412161007524,3.2113825082779,2.7957720160484
0.018176869489253,0.21387414261699,0.31421755626798,0.75178670883179,-5.69308411329985,1.7753899693489,1.6323555409908,0.12326592206955,2.5284689068794,0.94017390906811
0.018494080286473,0.34720697253942,0.29425939172506,0.90408346056938,-5.31685062870383,1.7578139901161,1.5323170423508,0.16830159164965,0.83666159957647,0.61586725711823
0.017774979583919,0.26610005646944,0.37368679791689,0.7695289850235,-3.7610971685499,1.7548830211163,1.5780119299889,0.1872075535357,0.40063358098269,0.60214802622795
0.016065469942987,0.26408486068249,0.34329362213612,0.51853716373444,-1.99318068660795,1.7460930049419,1.5291649401188,0.13845309056342,0.44410584121943,0.56846912205219
0.016464279498905,0.24301329255104,0.28790817409754,0.47243042849004,-0.380039256066082,1.7509770095348,1.5071860253811,0.12807980366051,0.46491452306509,0.62430456280708
0.016130310017616,0.22852839902043,0.47601278871298,0.46897055581212,0.295209741452705,1.7753899991512,1.6039815545082,0.1267690397799,1.0726807788014,0.6418294608593
0.016521109733731,0.84461884200573,0.97416000813246,0.49446833133698,0.40374297648668,1.8183599710464,1.5116026997566,0.14914330095053,2.1465843617916,0.6335234940052
0.016568180639297,0.55956281721592,1.1475584208965,1.960568100214,0.32752172276378,1.8027350008488,1.5888101160526,0.12397227995098,1.7520414292812,0.69696635007858
0.016603589523584,0.67812892049551,0.48288810253143,0.67265358567238,0.30566695332527,1.796875,1.5610039234161,0.12444108910859,1.8047111332417,0.6819245070219
0.015722149750218,0.39804399013519,0.29893188923597,0.80200318945572,0.31088286265731,1.7792959809303,1.5315224826336,0.12214098125696,1.7004319429398,0.63284739851952
0.015492470003664,0.87969166040421,0.34117271006107,0.59565249830484,0.22220515087247,1.7988289892673,1.5902027785778,0.12758508138359,1.8335352540016,0.71934801340103
0.035538589814678,0.21435302123427,0.36494553089142,0.35978288762271,0.18425974994898,1.7968759834766,1.5175688266754,0.14213766902685,1.7749197483063,0.64554549753666
0.024166169576347,0.18093442544341,0.30338878929615,0.54426688607782,0.20849884673953,1.7851559519768,1.6231679320335,0.12217251583934,1.7527794539928,0.65443001687527
0.016611830331385,0.17620215937495,0.34109359234571,0.86514191329479,0.17894663661718,1.7734359502792,1.4865443706512,0.12226203642786,1.6941038370132,0.81019082665443
0.016023579519242,0.18085748329759,0.26340621709824,0.74640054954216,0.20849746093154,1.7695299685001,2.171913087368,0.12981681711972,1.8085502386093,0.79055692255497
0.017713030334562,0.20045637711883,0.29516277834773,4.0270240902901,0.127191492356358,1.7480469942093,2.0436216592789,0.13185301981866,0.66206534206867,0.71572622656822
0.016490269917995,0.19201803207397,1.919395595789,4.7279482483864,-0.312036756426098,1.7460940182209,2.1818836331367,0.13114325143397,0.48079752177,0.75401201844215
0.019648040644825,0.1860876865685,1.0522942394018,3.0513476729393,-1.45057570748031,1.78125,2.6982778310776,0.12032227031887,1.7185991704464,4.2105678319931
0.01629204954952,0.18225599080324,0.45945014059544,4.090800344944,-3.68458628840744,1.7773430049419,2.6903072595596,0.12840597890317,2.3568678200245,4.5957878828049
0.016106759663671,0.17724471911788,0.33954652398825,3.4921333193779,-5.46118903905153,1.7656240463257,2.7464250922203,0.13477736897767,2.7115899920464,5.7446955442429
0.031265050638467,0.18074761331081,0.29900723323226,3.4090782999992,-6.7289758734405,1.7617180049419,2.6849122643471,0.12022243998945,3.2600709199905,3.8126558363438
0.031238720752299,0.18606372177601,0.39667059481144,3.0720854997635,-7.33000002428889,1.7714830040932,2.3890665769577,0.12029367312789,2.6670861542225,3.6186761260033
0.027226760052145,0.18436276912689,0.36693204939365,3.3095298707485,-6.61851996555924,1.7734359800816,1.6389886140823,0.12061213795096,1.7830734550953,3.5397118926048
0.02490695938468,0.1825325191021,0.33247315138578,1.2814747393131,-7.11508603766561,1.796873986721,1.4900977909565,0.12883707694709,1.215195864439,2.4576218426228
0.028001989703625,0.22512288019061,0.41848623752594,2.7044106125832,-5.78972024656832,1.7890619635582,1.6501711010933,0.13704999908805,0.78280152380466,0.88447780907154
0.26285893283784,0.34732177853584,0.43789281696081,2.1569251716137,-5.08418130502105,1.8183590173721,1.5049611926079,0.12337160110474,0.56069481372833,0.66141913831234
0.67790171224624,0.27196303009987,0.30071637779474,1.9721143841743,-3.49301065132022,1.8203120231628,1.6098005175591,0.12299647182226,0.24622241035104,0.64809341728687
0.07620333135128,0.44762681424618,0.31944570690393,0.48562199622393,-1.86186692491174,1.8144530057907,1.488784879446,0.12212803773582,0.42421942576766,0.63585761189461
0.26968394545838,0.57269886881113,0.40330411493778,0.50829777913168,-0.467712111771109,1.8183590173721,1.630215793848,0.14447695761919,0.50974380970001,0.58011047542095
0.031123840250075,0.76309645175934,0.36688090860844,0.39337649568915,0.170445098076011,1.8085930049419,1.4820510149002,0.12084990926087,1.0427459925413,0.67715491354465
0.029073140583932,0.62651263177395,0.45694052428007,0.47978103160858,0.82247556746006,1.8203119933605,1.6378686130047,0.15307407826185,2.0029477775097,0.68631167709827
0.039382121060044,0.59428158402443,0.55942127108574,1.5926713496447,1.427672624588,1.8066399991512,1.5833348035812,0.18667999282479,1.8337981104851,0.63244330883026
0.053656890057027,0.58117607235909,0.78408117592335,1.166174992919,0.37048387527466,1.7832019627094,1.5209480524063,0.13927939347923,1.8048725128174,0.72459496557713
0.077384538017213,0.38677696511149,0.40289383381605,0.98230247199535,0.28504097089171,1.7929690182209,1.5787481963634,0.13110843859613,1.6641480326653,0.67779964208603
0.058485890273005,0.22120352834463,0.78821562230587,0.35854974063113,0.20969630032778,1.7832019627094,1.5271179080009,0.12640160880983,1.7968993484974,0.66128304600716
0.027981140185148,0.20991693437099,0.29798084497452,0.51320588123053,0.20239616930485,1.7910159826279,1.6015781462193,0.12577837146819,1.8148752748966,0.71629723906517
0.027998609934002,0.18609870225191,0.31184742599726,0.56620947644114,0.22245036810637,1.7949230074883,1.4776813685894,0.12820931896567,1.7850946784019,0.64761310815811
0.028047039639205,0.18358533084393,0.35662847757339,0.76246093958616,0.22017983719707,1.796875,1.6161863803864,0.12782262638211,1.6177610456944,0.67309978604317
0.028122870251536,0.18179336190224,0.23772894963622,0.42327561136335,0.21969860047102,1.7753889858723,1.4779597818851,0.12939266487956,1.723875194788,0.71970392763615
0.028181289322674,0.17920818924904,0.29647650197148,3.8578500151634,0.181572886416685,1.8007819652557,1.8876130282879,0.13942150212824,0.71492587029934,0.60695549845695
0.028168129734695,0.18508412316442,0.48024449497461,5.0468879342079,-0.326012283563611,1.7773430049419,2.0850091576576,0.12473149038851,0.30280442535877,0.63202892243862
0.032178409397602,0.22701659053564,0.30969598889351,3.5883184075356,-1.33446430414915,1.7558590173721,2.0370003283024,0.12356662005186,0.33108884096146,0.64270812273026
0.023929940536618,0.32335095480084,0.39068443328142,3.3143166899681,-3.38004278019071,1.8007819950581,2.0879616737366,0.13911258988082,0.42068453878164,0.58027443289757
0.024010919965804,0.18973027542233,0.43504377454519,3.3775693774223,-5.001874178648,1.7890619933605,2.0205315649509,0.12698310799897,0.38412892818451,0.64659547805786
0.029083179775625,0.11896633170545,0.30062845349312,2.9777791500092,-5.8817665502429,1.7929700016975,2.1327177286148,0.1209575496614,0.31002856045961,0.62826442718506
0.026731149759144,0.12344507128,0.34727992117405,2.5958959460258,-5.64853349328042,1.7792959809303,2.0442482829094,0.13334261998534,0.39968357235193,0.58672967553139
0.026125450152904,0.14310184121132,0.57802189141512,0.39390562474728,-6.85565961152315,1.7714830040932,2.1303625106812,0.1325522121042,0.40645327419043,0.66079519689083
0.02427302999422,1.1697833165526,0.92376388609409,0.91629412770271,-7.10753769427538,1.8027350008488,1.5303538739681,0.12120422907174,0.37896302342415,0.61574447154999
0.024546420201659,0.63492534309626,0.4809458181262,2.4900789260864,-5.77745873481035,1.7753900289536,2.0566655993462,0.12225322984159,0.31515008211136,0.60353627800941
0.024552650284022,0.87989408522844,0.33424247801304,1.7286806032062,-3.46151092648506,1.7910159826279,2.0775039494038,0.137077819556,0.42975144833326,0.66673648357391
0.024566160049289,0.37500312924385,0.38132780045271,0.55231751687825,-2.81008565425873,1.7910159826279,2.1573857665062,0.13091632351279,0.39976687729359,0.60438841581345
0.024544019717723,0.53503856807947,0.41783299297094,0.3490303568542,-1.46113100647926,1.7968749701977,2.0366441011429,0.12611711956561,0.33941158652306,0.62499108910561
0.057027859613299,0.27518307045102,0.41721241921186,0.76578022539616,-0.356715656816959,1.7988289892673,1.9011346399784,0.1325535774231,0.37392130494118,0.66812179982662
0.053597329184413,0.19438419118524,0.42226938158274,0.45217824168503,0.369954483583571,1.8027349710464,1.5458853840828,0.13635555841029,0.89703343808651,0.61235781013966
0.02366503002122,0.52714940160513,0.46105011552572,0.48896225728095,0.4664566218853,1.8222650289536,1.5528833866119,0.13700504787266,1.8200143873692,0.69570457935333
0.023793299682438,0.55004964023829,0.79431712627411,0.9815312102437,0.41876021772623,1.8046880364418,1.5753148496151,0.1332888789475,1.689217954874,0.70403864979744
0.023856170475483,0.36281929165125,0.52785136550665,0.85251814126968,0.25609239935875,1.781248986721,1.4966941475868,0.13629809208214,1.6768954992294,0.64320185780525
0.028185010422021,0.37384764105082,0.69461579993367,0.44228018447757,0.24160733446479,1.8125,1.6338185369968,0.12526318244636,1.8452650010586,0.71316914260387
0.023031299933791,0.37710996717215,0.29626747965813,0.3881915025413,0.24163015931845,1.798828959465,1.4903342425823,0.1861126087606,1.7750660777092,0.6922120153904
0.023009160067886,0.26773736253381,0.33598414063454,0.47003178903833,0.21845809742808,1.7734359800816,1.5915154516697,0.17055870778859,1.6026999950409,0.64092808961868
0.023277699947357,0.46996200084686,0.26364890113473,0.548618927598,0.21695091947913,1.7871089875698,1.532935500145,0.1446497477591,1.8349744677544,0.71063493192196
0.02365037985146,0.28012568876147,0.2753533385694,0.71524412371218,0.22398091480136,1.794921964407,1.5360046625137,0.1364982612431,1.8276217281818,0.66614444553852
0.023246900178492,0.21554895862937,0.32709404826164,0.46369240945205,0.19683963060379,1.7949229776859,1.5791588425636,0.13588763214648,1.700036406517,0.65852965414524
0.022966030053794,0.22381402924657,0.23544410988688,0.43515392765403,0.139751719310879,1.7910160124302,1.5272264480591,0.13546493090689,0.55054806172848,0.67756797373295
0.02303630951792,0.23372650146484,0.42318128794432,0.40978826582432,-0.191848646849395,1.7773430049419,1.5809025168419,0.13687210716307,0.39362615346909,0.58860002458096
0.023577979765832,0.25201442092657,0.3964853733778,0.4262399347499,0.300824895501173,1.7441409826279,1.4955324530602,0.12257403880358,0.38196984678507,0.61548191308975
0.024478289764374,0.62593261897564,0.3366361707449,0.38788221683353,-2.92558006197214,1.7480469942093,1.6028214097023,0.12267744168639,0.3313172608614,0.65213416516781
0.025731940288097,0.3289193995297,0.43350373208523,0.70123451342806,-4.59503196179867,1.7070310413837,1.4773574471474,0.12484378926456,0.40834405273199,0.57766529917717
0.024481649976224,0.29928610473871,0.40586224198341,0.43846902856603,-6.5975011959672,1.7460930049419,1.6249978244305,0.13887783885002,0.40306751430035,0.63527195155621
0.023917010053992,0.34274322167039,0.35890491306782,0.41158316843212,-7.33616679161787,1.7539059817791,1.5296902358532,0.12350759841502,0.40474163740873,0.63192491233349
0.023563790135086,0.27609311789274,0.43377189338207,0.38753049820662,-7.56506618857384,1.7558590173721,1.5672243833542,0.1212923489511,0.3306125216186,0.58458523452282
0.023107609711587,0.27384668588638,0.48174419999123,0.40439287666231,-7.33406241983175,1.7695319950581,1.6321110725403,0.12148963660002,0.38334606960416,0.64961501955986
0.023477660026401,0.26998449116945,0.38284371048212,0.39061933616176,-6.15072937309742,1.7265640199184,1.5534844100475,0.13190717063844,0.41615468263626,0.62242092192173
0.023223789874464,0.27357705682516,0.28696971014142,0.72390321269631,-4.98061922565103,1.7343759536743,1.6602435708046,0.13789692148566,0.38995894044638,0.59858755767345
0.023678299970925,0.26206919923425,0.35809473693371,0.6965848095715,-3.63312942162156,1.7167980372906,1.5182577967644,0.12230108305812,0.29950001835823,0.66393332183361
0.023288359865546,0.26137412339449,0.40851832926273,2.4794497489929,-1.77570636570454,1.6933590173721,1.6315694749355,0.13864517956972,0.37217949330807,0.61074040830135
0.026331959757954,0.36148315668106,0.47499139606953,2.3036315441132,-0.367715585976835,1.7070319950581,1.5298100411892,0.13448443263769,0.44706524163485,0.62199777364731
0.42567754816264,0.4462054669857,0.48755280673504,1.8572440445423,0.339222501032057,1.6972649991512,1.6003931164742,0.12960402294993,0.82764825224876,0.68487499654293
0.026928619947284,0.43331307917833,0.34400548040867,0.3947561532259,0.38949749618769,1.7304679751396,1.5827711224556,0.12114259041846,1.7440188229084,0.65563629567623
0.024497409816831,0.53553885966539,0.41018749028444,0.83501723408699,0.38217797875404,1.7910159826279,1.5819666683674,0.12240377254784,1.8438011109829,0.69586943089962
0.023334480356425,0.83901718258858,0.38954271376133,1.964869171381,0.38883899897337,1.7636719942093,1.5684018731117,0.13552446290851,1.8240804374218,0.72786521911621
0.023297250270844,0.73832033574581,0.38637683540583,0.39189051976427,0.23888149857521,1.7910159826279,1.5481149256229,0.13352943211794,1.7225753962994,0.63408970832825
0.02327875001356,0.89523392170668,0.42771674692631,0.56170988734812,0.21256348490715,1.7929689884186,1.6127840876579,0.12403855100274,1.7609050273895,0.71406722068787
0.022349790204316,0.43827197700739,0.29364247620106,0.43129181209952,0.21299700066447,1.7714829742908,1.4807427227497,0.13740594871342,1.8544274568558,0.70642249286175
0.015764120267704,0.18275905027986,0.30982211977243,0.54433192871511,0.212795317173,1.7753889560699,1.6073086261749,0.13669842854142,1.782317250967,0.61936828494072
0.015842070337385,0.19132030010223,0.36934297531843,0.77283903956413,0.20385210961103,1.7832030057907,1.825262516737,0.12608081102371,1.6963949799538,0.71745723485947
0.016045220196247,0.18414795026183,0.2383568584919,1.9282075837255,0.19878583028913,1.7734369933605,2.1225916445255,0.12460749968886,1.7548822760582,0.6762188822031
0.016338930465281,0.2021128050983,0.36427781358361,4.0546315908432,0.152718480676411,1.7402339875698,2.0669100284576,0.20610576309264,0.52850127220154,0.59962248802185
0.019964709877968,0.18792938068509,0.72466368973255,4.8780463933945,-0.105854526162144,1.6796869933605,2.2259780168533,0.1470854897052,0.5300530269742,0.69372445344925
0.015730439685285,0.29831371083856,0.38224659860134,2.7690797448158,-1.08271966874599,1.640625,2.3890983462334,0.13661186769605,1.5532118827105,3.8533379137516
0.015637990320101,0.26393304020166,0.72418010979891,3.6708989143372,-3.51228895783424,1.5976569950581,2.6764475703239,0.1357362177223,2.6528397202492,3.5551103949547
0.019953370094299,0.2166411280632,0.85454048216343,2.5273319482803,-5.14435216039419,1.6816419959068,2.6111197471619,0.13902995735407,4.6441114544868,4.5178940296173
0.01663104002364,0.19573956727982,0.3358543664217,3.5412473678589,-6.45374459028245,1.7578120231628,2.6716749072075,0.12250765971839,5.0750745534897,3.888242483139
0.015372989932075,0.17705082893372,0.34008622914553,3.494194984436,-7.14757180586457,1.7363289892673,2.4298719167709,0.12265444919467,5.4738235473633,2.2440403103828
0.015569690149277,0.19079598039389,0.38752999901772,2.9598098397255,-7.3765219040215,1.7539069950581,2.032533288002,0.12289333902299,4.8121950626373,2.4790993630886
0.02055198024027,0.18032647296786,0.38467820733786,1.114953070879,-5.87888074666261,1.8007819652557,1.5562696754932,0.14646787196398,3.0760922431946,2.8002736568451
0.016695179976523,0.182712495327,0.34265344589949,0.94879480451345,-3.86333253979683,1.8105469942093,1.6896294951439,0.12341262027621,2.3081482052803,1.3708082586527
0.023268920369446,0.35101734101772,0.42325820028782,1.0971992015839,-5.37866970524192,1.7421879768372,1.5001618862152,0.12412755005062,0.99724937975407,0.85659630596638
0.024530519731343,0.27005678415298,0.40663407742977,0.52047021314502,-3.1258763000369,1.7421879768372,1.6332094967365,0.12385706230998,0.54458888620138,0.8646130412817
0.027851869817823,0.26306039094925,0.30980937927961,0.48947505652905,-0.348876353353257,1.7460939884186,1.6230117082596,0.13751121424139,0.45036713033915,0.82731249928474
0.038047269918025,0.28881623968482,0.34315893054008,0.4606798812747,-0.109431162476542,1.7304700016975,1.5443496108055,0.1327495649457,0.3928405046463,0.78303089737892
